Country,Date,log_share,log_price,TAVG,share,q_imported
brazil,2010-01,-2.05234460861241,-2.793189533211734,12.41,0.1284334241878407,1846841.356209
brazil,2010-02,-2.2105559985977994,-2.607906429251233,12.58,0.1096396720617413,1130299.090909
brazil,2010-03,-2.181766212729869,-2.462146342484045,16.05,0.1128420514632163,1340238.018757
brazil,2010-04,-1.967792708049872,-3.056765509297195,21.74,0.1397650181877681,2691245.340426
brazil,2010-05,-2.1894188772805,-2.3219311758974244,26.1,0.1119818048836494,902324.923547
brazil,2010-06,-2.3956034007589166,-2.3224011517830974,28.58,0.0911176818532488,875789.0
brazil,2010-07,-1.890283492860081,-2.910230999596927,28.9,0.1510289871273174,1849921.743119
brazil,2010-08,-1.521993828537483,-2.804563303102168,28.82,0.2182762473901365,2453083.752066
brazil,2010-09,-1.3958126462534972,-2.1364901475996705,27.65,0.2476317175902861,1289269.432684
brazil,2010-10,-1.3565719827661835,-1.714662967126334,23.48,0.2575421242940521,1018461.666667
brazil,2010-11,-1.304167849724177,-2.5083865154638696,19.83,0.2713982852614586,2624411.179361
brazil,2010-12,-1.5202303761085794,-2.79159261707254,11.12,0.2186615067622175,3100147.047308
brazil,2011-01,-1.913398412104916,-2.091409678429655,15.22,0.1475780025546698,1244097.732794
brazil,2011-02,-1.7418661265938904,-2.291377764981337,18.95,0.1751931627582358,1667569.812067
brazil,2011-03,-1.7793232831661576,-2.5326700949552614,20.53,0.1687523061639467,2443533.979849
brazil,2011-04,-1.9294174844747536,-3.360904493859968,24.26,0.1452327741936424,4431398.414986
brazil,2011-05,-1.925956382105436,-2.823397313593141,25.72,0.1457363105853411,2589540.117845
brazil,2011-06,-1.84319331480003,-2.410699810612292,28.14,0.1583110809596348,1877575.278396
brazil,2011-07,-1.6220248451187578,-2.9133768289598745,28.52,0.197498390287195,2970681.104972
brazil,2011-08,-1.7409434241613115,-2.795685761015375,28.75,0.1753548885165851,2509219.03437
brazil,2011-09,-1.3376484578480123,-2.2871693503732824,27.41,0.2624621342457316,2329437.529528
brazil,2011-10,-1.2874319233857388,-2.495046301680809,22.31,0.2759786080357301,3464655.406061
brazil,2011-11,-1.206215621860187,-1.8904895493807945,20.34,0.2993279087105202,2033348.536424
brazil,2011-12,-1.336652083773773,-2.970628236976509,18.79,0.2627237750361682,5862254.249513
brazil,2012-01,-1.5665765399676672,-3.132097241374538,15.65,0.2087586372691151,6334857.178899
brazil,2012-02,-1.980229185017476,-2.2385587821042896,19.45,0.1380375975361465,1376864.484053
brazil,2012-03,-2.0146392027987976,-3.1656478781462813,22.06,0.1333685136728571,3649255.521327
brazil,2012-04,-2.320104241826909,-2.386239357694633,22.69,0.0982633419201807,1136013.717391
brazil,2012-05,-2.4610989794046354,-2.203114409690432,25.8,0.0853411112891535,867888.841629
brazil,2012-06,-2.2603877264515484,-3.0370879681829788,26.52,0.1043100331541782,2213114.145833
brazil,2012-07,-2.285393339173928,-2.9054887604588693,28.33,0.1017340382527583,1548828.482633
brazil,2012-08,-1.90251134425104,-2.022359991028507,28.02,0.1491934721894531,991808.382464
brazil,2012-09,-1.7032167305325596,-2.4814419356853907,27.15,0.1820968245161739,1719694.760766
brazil,2012-10,-1.6705015728819077,-2.807668505126064,24.08,0.1881526696907265,2826619.419569
brazil,2012-11,-1.841199914786865,-2.213268142981271,18.15,0.1586269730155146,1246280.375114
brazil,2012-12,-1.7138288559212864,-2.521982111422436,18.34,0.1801746076243833,2144127.334994
brazil,2013-01,-2.156452429731337,-2.998725809070036,19.0,0.1157349715656208,2561871.523046
brazil,2013-02,-2.0601095387021124,-3.123733034044693,18.39,0.1274400095169942,3298929.090909
brazil,2013-03,-2.374500975155625,-3.3208984270189545,16.43,0.0930609173350967,3093373.240997
brazil,2013-04,-2.190844850395763,-2.781016663186433,23.46,0.1118222356382526,1985360.419355
brazil,2013-05,-2.1822098178106293,-2.7296525716166538,24.22,0.1127920052570601,2020176.748466
brazil,2013-06,-2.247872933499752,-3.3779783605571,27.6,0.1056236543254802,3340049.472141
brazil,2013-07,-2.120508669316238,-2.2138550835534767,27.68,0.1199705876311824,1047191.015554
brazil,2013-08,-2.3228399628678886,-2.6765224775070338,28.57,0.0979948882028036,1201489.331395
brazil,2013-09,-2.033052631119366,-2.318581998049808,27.35,0.1309352135561212,1030380.04065
brazil,2013-10,-1.825963929580816,-3.004375107310225,24.89,0.161062316548103,2939298.205645
brazil,2013-11,-2.097968222013949,-2.135672128795484,21.55,0.1227054854569507,842830.109983
brazil,2013-12,-2.2045463998814325,-2.168371560986099,20.01,0.1103005462997425,919517.22028
brazil,2014-01,-2.2055023949520267,-3.383119690903567,14.8,0.1101951499084384,3949668.259587
brazil,2014-02,-2.5436477839549587,-3.368221817738044,18.79,0.0785792362765869,2655315.362319
brazil,2014-03,-2.2768144727900115,-3.4561264793941096,19.44,0.1026105553594536,4194472.848101
brazil,2014-04,-2.46303545902244,-2.096842728815897,23.09,0.0851760098759357,865361.050489
brazil,2014-05,-2.236499989863607,-3.2369968055183933,25.6,0.1068317630472091,3526257.35369
brazil,2014-06,-2.143278545164596,-2.4528075411866146,27.54,0.1172697379422502,1545303.716609
brazil,2014-07,-1.8426771053228683,-2.759427882261965,28.38,0.1583928237363487,2643202.195893
brazil,2014-08,-1.670771837603486,-3.030745926951012,28.78,0.1881018255328388,3679508.509317
brazil,2014-09,-1.7700622962798982,-2.116088231753441,27.05,0.1703223780443712,1336814.680498
brazil,2014-10,-1.63788276930459,-2.872734785424188,23.94,0.1943911778715809,3549953.840708
brazil,2014-11,-1.9660995984681369,-3.266103498741617,18.49,0.1400018561189615,3420445.811518
brazil,2014-12,-1.8291885302532755,-2.8552676313644065,18.37,0.1605437913614909,3274258.13913
brazil,2015-01,-2.363711237669397,-2.7653783821573605,16.65,0.0940704567418965,2030336.587302
brazil,2015-02,-2.3298678512678586,-2.4022846705189105,15.62,0.0973086054487426,1308874.519337
brazil,2015-03,-2.018116284118629,-3.6091189516855207,22.74,0.1329055857906607,7198042.693727
brazil,2015-04,-2.216826255851992,-3.446630361384973,25.33,0.1089543539185148,4381794.890282
brazil,2015-05,-2.1289186244526466,-3.835611371981416,26.32,0.1189658711037134,6748243.75
brazil,2015-06,-2.2187582501199064,-2.462661883243461,28.34,0.1087440579420031,1494253.802817
brazil,2015-07,-2.189231598018754,-2.0807588971873368,28.63,0.1120027787173176,925322.788462
brazil,2015-08,-2.017253806718037,-2.114434039807396,28.23,0.1330202633010894,1041835.890638
brazil,2015-09,-1.8343015008092125,-2.329050631082866,27.66,0.1597250306168125,1590883.141684
brazil,2015-10,-1.833764055637348,-2.3380156006399444,24.52,0.1598108971355496,1709839.958549
brazil,2015-11,-1.934461090172052,-2.6365942461887384,23.75,0.1445021214572957,2225760.600559
brazil,2015-12,-2.121748269504246,-2.307633523860957,21.99,0.1198219642040448,1459802.994975
brazil,2016-01,-2.358602109919205,-2.430997556102305,15.01,0.0945523045858587,1483887.679181
brazil,2016-02,-2.5219905120688653,-2.7679153694257272,16.31,0.0802996102215786,1816008.853503
brazil,2016-03,-2.6584368118684765,-3.501095750700619,21.76,0.0700576494804939,3338186.15894
brazil,2016-04,-2.6035128010788284,-3.322000792661305,22.68,0.0740131276320223,2493288.587258
brazil,2016-05,-2.6878086977775,-2.681622018381088,25.24,0.0680298501197119,1364721.912409
brazil,2016-06,-2.477674554821445,-2.533143290949064,28.19,0.0839381924769268,1184002.732997
brazil,2016-07,-2.307955210377655,-3.105367313618595,29.55,0.0994644275920643,2251947.611607
brazil,2016-08,-2.152666888821865,-2.586808210482222,28.67,0.1161739213421163,1705150.265604
brazil,2016-09,-2.0985217329389245,-2.183793077828901,27.89,0.1226375854236345,1217577.300178
brazil,2016-10,-1.9525776534274943,-2.787031390003544,24.72,0.1419078105879996,2779635.616883
brazil,2016-11,-2.209400143235541,-2.4153535365213026,20.41,0.1097664729322259,1463662.900336
brazil,2016-12,-2.200548550156915,-2.6908018445638664,20.47,0.1107423939401179,2394603.40708
brazil,2017-01,-2.441097516922869,-2.6175315721797805,18.12,0.0870652434278048,2030987.986301
brazil,2017-02,-2.616564807781586,-2.573494273559944,20.03,0.0730533847043418,1414326.513761
brazil,2017-03,-2.6631189756192,-2.457072936628109,20.46,0.0697303948214439,1245315.54259
brazil,2017-04,-2.6291433990443283,-3.0090945967093248,23.54,0.072140231170289,2062698.62069
brazil,2017-05,-2.547513665843526,-3.1483176565596684,25.02,0.0782760446593397,2737503.100233
brazil,2017-06,-2.703028516702288,-2.495429156277308,26.51,0.0670022876126077,1122163.466667
brazil,2017-07,-2.422828306468414,-2.420654036298548,27.93,0.0886704751946039,1108140.348706
brazil,2017-08,-2.5802166086471376,-2.5034330553707185,28.39,0.0757575924958493,1138460.672372
brazil,2017-09,-2.2216661800928232,-2.521305942988587,27.2,0.1084282971641595,1693268.644279
brazil,2017-10,-2.0455306036589818,-2.8853726604066154,24.18,0.1293115585848135,2826963.422939
brazil,2017-11,-2.108516519440014,-2.572191020046476,21.07,0.1214179540707899,1956565.955497
brazil,2017-12,-2.1136347123421304,-2.780346374811253,17.99,0.1207981011765501,2779373.548387
brazil,2018-01,-2.573375924244384,-2.7252865350814703,14.45,0.0762776028628086,2029902.152672
brazil,2018-02,-2.5295122131855456,-2.945549639055632,22.11,0.0796978863840602,2502593.612167
brazil,2018-03,-2.865550011648776,-2.4997324488764217,18.38,0.0569517983636113,1191084.847747
brazil,2018-04,-2.4257241455064107,-3.3015249241223543,22.81,0.0884140712025437,3830780.298913
brazil,2018-05,-2.349631905923716,-3.0949839542787614,24.97,0.0954042735009529,3166364.15011
brazil,2018-06,-2.740221164062635,-3.2254111964233747,27.67,0.0645560678319896,2213867.355164
brazil,2018-07,-2.492222634424936,-2.8313656743364186,27.94,0.0827258926695707,1675435.942275
brazil,2018-08,-2.610517972044688,-2.490408534994385,28.24,0.0734964647878426,1154809.179735
brazil,2018-09,-2.2031878276710883,-2.4369197059519268,28.54,0.1104504993947207,1439107.643021
brazil,2018-10,-2.17718608396548,-2.325973646496326,25.61,0.1133600679745569,1585810.603889
brazil,2018-11,-2.078727904021104,-2.4225640783219125,20.98,0.1250892365448337,1860608.556933
brazil,2018-12,-2.240001856178469,-2.35062419284122,17.94,0.1064583067734525,1575176.652676
brazil,2019-01,-2.442960812652108,-2.6844631491621507,15.87,0.0869031661773775,2283783.997072
brazil,2019-02,-2.5920306220041245,-2.921161487129993,21.17,0.074867857306322,2297068.534323
brazil,2019-03,-2.8211411367115224,-2.207824154652387,20.13,0.0595379629739518,962577.179254
brazil,2019-04,-2.666033034384726,-3.002053566135739,23.24,0.0695274921319543,2469093.843058
brazil,2019-05,-2.5642660525656025,-2.623745902358218,26.54,0.0769756568001466,1686032.344828
brazil,2019-06,-2.7454670229369977,-2.584852185730658,28.45,0.0642183025198203,1324672.679045
brazil,2019-07,-2.627134402812082,-2.6079017245111165,28.62,0.0722853063018054,1339204.95251
brazil,2019-08,-2.348017883909132,-2.864447500203094,28.42,0.0955583824328178,2096603.263158
brazil,2019-09,-2.2687114443643503,-2.602658074987004,27.81,0.1034453893803414,1808021.025641
brazil,2019-10,-2.3097024633675063,-2.016714196199121,27.27,0.09929078981231,1017600.555973
brazil,2019-11,-2.240864823703121,-2.6524703906832987,20.53,0.106366476341017,1975216.595745
brazil,2019-12,-2.346387418967096,-2.8108610186968,19.72,0.0957143141113155,2484819.119601
brazil,2020-01,-2.6899392652191336,-2.483359133983192,18.64,0.0678850622309384,1488358.203593
brazil,2020-02,-3.113979227774016,-2.206679209716364,19.73,0.0444238306235527,685454.904632
brazil,2020-03,-2.8212828189684864,-1.9340646377894128,23.33,0.0595295280985328,762546.832642
brazil,2020-04,-2.6849152692540743,-2.7123947016318377,24.24,0.0682269746738704,1526036.581325
brazil,2020-05,-2.435025106011183,-2.516389455779123,25.55,0.0875955478456473,1607559.220297
brazil,2020-06,-2.7973633717221498,-2.5505306838200803,28.06,0.0609706077117644,1228957.051282
brazil,2020-07,-2.8319919299246976,-3.19290687975186,28.73,0.058895421197738,1680438.248175
brazil,2020-08,-2.950899840028477,-2.538082712632037,28.97,0.0522926297696328,838559.481013
brazil,2020-09,-2.4277182853243904,-2.1062542362943546,27.94,0.0882379368593104,957678.31553
brazil,2020-10,-2.2809081045272457,-2.327002581902329,26.32,0.1021913641261214,1559470.491803
brazil,2020-11,-2.282346197061651,-2.1168594466816826,22.37,0.1020445091091521,1208232.591362
brazil,2020-12,-2.222483226722624,-2.7659404775605707,15.23,0.1083397423710105,2766053.863275
brazil,2021-01,-2.7160319518659564,-2.7988807277147814,15.74,0.0661366679218024,1908207.520525
brazil,2021-02,-2.648783724344816,-2.5453977647796995,19.52,0.0707371966901822,1709642.920918
brazil,2021-03,-2.850116220300522,-2.307039720642685,20.77,0.0578375985811239,1274193.403614
brazil,2021-04,-2.782333613810429,-2.187736141585479,22.11,0.0618939022516469,1025495.561497
brazil,2021-05,-2.626357995698894,-2.359109512517876,25.81,0.0723414509205174,1349482.349206
brazil,2021-06,-2.5486113661348004,-2.302445167745037,27.7,0.0781901681642672,1358835.78
brazil,2021-07,-2.58700028596454,-2.5941836541647465,28.47,0.0752454166160827,1454257.309237
brazil,2021-08,-2.5503339119851245,-1.8960000172415792,29.34,0.0780555979495165,774302.117177
brazil,2021-09,-2.4078859320865846,-2.2768685667657227,28.13,0.0900053710511372,1327976.072125
brazil,2021-10,-2.2043597341942296,-1.976920236555517,26.01,0.1103211375487964,1436205.581227
brazil,2021-11,-2.372207029906148,-1.847245449128311,19.89,0.0932746390235353,1049080.481928
brazil,2021-12,-2.192552750411536,-2.229964432621973,21.07,0.1116314174358312,1936738.12093
brazil,2022-01,-2.661336618561688,-2.371369018635823,16.11,0.0698547901082541,1725327.012848
brazil,2022-02,-2.473506627083439,-2.0385076276006293,19.45,0.0842887708828513,1449817.35023
brazil,2022-03,-2.5418903671542923,-2.2308073240563644,22.51,0.0787174541642479,1831482.802607
brazil,2022-04,-2.4027547205654005,-2.4944299361670983,23.68,0.0904683945679206,2573405.212121
brazil,2022-05,-2.643625203845112,-2.295070772470934,26.54,0.071103038760044,1489699.027778
brazil,2022-06,-2.2292366407449404,-2.6153561607738536,28.58,0.1076105442954355,3003539.658003
brazil,2022-07,-2.03067203217612,-2.2565374987315034,29.31,0.1312472891031211,2167168.127985
brazil,2022-08,-2.114803568045405,-2.204098361337332,29.25,0.1206569881135154,2063500.915684
brazil,2022-09,-2.2095756370162776,-2.161030456492843,28.03,0.1097472112890917,1617220.321181
brazil,2022-10,-1.7916537608626688,-2.199088135862514,24.26,0.1666842856587853,2942021.641118
brazil,2022-11,-2.0492283701475333,-1.9421841821391657,22.64,0.1288342776175202,1664805.662483
brazil,2022-12,-1.8788996338269304,-2.3997455217967767,17.88,0.1527581031599826,3421849.305402
brazil,2023-01,-2.3662818488198685,-2.5118965839967453,17.98,0.0938289487214622,2786323.033292
brazil,2023-02,-2.456892643407407,-2.841393956932421,21.11,0.085700840718638,3223755.111492
brazil,2023-03,-2.3836554273963504,-2.83387959131834,22.16,0.092212883178347,3983126.717687
brazil,2023-04,-2.557720704082289,-2.8361884057108417,24.65,0.0774811417816671,2755840.989761
brazil,2023-05,-2.4345706964024654,-2.639687377334264,25.67,0.0876353611493581,2440125.994398
brazil,2023-06,-2.5587888775662515,-2.555110382592476,27.81,0.0773984226675562,2180741.454311
brazil,2023-07,-2.2908774018106373,-2.948098915308003,29.38,0.1011776494446778,3289553.79771
brazil,2023-08,-2.3350322420982206,-2.697692793689064,29.93,0.096807361203693,2464753.545994
brazil,2023-09,-2.3089475072422068,-2.250209768330045,27.92,0.099365778305214,1597276.214421
brazil,2023-10,-2.2602266190990883,-2.272942615075224,24.47,0.104326839621241,1998079.0
brazil,2023-11,-2.162757766168796,-1.828831750066085,21.09,0.1150075194575855,1453302.814446
brazil,2023-12,-2.3940471506996004,-2.299996215537458,18.38,0.0912595941479046,1849689.381854
brazil,2024-01,-2.336878454242789,-2.366139295222042,16.78,0.0966287991601808,2615984.754797
brazil,2024-02,-2.2319609326838346,-1.9841397860483991,17.55,0.1073177807248577,1881019.672727
brazil,2024-03,-2.534747021847138,-1.9528084030728456,22.07,0.0792817732845712,1404570.063425
brazil,2024-04,-2.2308379734737485,-2.717016250126449,22.54,0.1074383619063314,4039104.84115
brazil,2024-05,-2.482636296099123,-2.249118561138294,27.47,0.0835227444077788,1649224.56872
brazil,2024-06,-2.188793425764382,-2.175941682643288,28.49,0.1120518659809173,1853703.947137
brazil,2024-07,-2.042830577207064,-2.315036862424376,29.72,0.1296611749879033,2312006.52834
brazil,2024-08,-1.9238916986429249,-2.2978021425234765,29.06,0.1460375207805456,2761064.0
brazil,2024-09,-2.096153610968813,-2.229508380075197,28.43,0.1229283503315368,2227226.384758
brazil,2024-10,-2.036389932105217,-2.0359452214138143,24.9,0.130498971678951,2263978.415008
brazil,2024-11,-1.878985399869392,-2.199530512754847,21.89,0.1527450022638346,3201908.106402
brazil,2024-12,-1.7461056873991243,-2.7733003998515,17.76,0.174451992919501,7125424.544
brazil,2025-01,-2.041016557078568,-2.146352281155351,13.64,0.1298965964342792,16764251.368691
brazil,2025-02,-2.0312411301752578,-2.228307932487456,20.37,0.131172617783165,3829766.462396
canada,2010-01,-2.2087380245570296,-3.531413077179768,12.41,0.1098391754304136,12165864.914676
canada,2010-02,-2.089391751920616,-3.545473398990703,12.58,0.1237623911649004,14411554.083045
canada,2010-03,-2.2284574827886736,-3.463708364449011,16.05,0.1076944225801745,10757505.591054
canada,2010-04,-2.164864211454354,-3.4985695801282883,21.74,0.1147655173819685,14490445.596026
canada,2010-05,-2.031858969618538,-3.415891795661594,26.1,0.1310915991968367,3159261.067073
canada,2010-06,-2.104985070401517,-3.43104431209965,28.58,0.1218474933896534,3542374.62963
canada,2010-07,-1.645771380648146,-3.4034183474798603,28.9,0.1928637340471608,3866303.003003
canada,2010-08,-1.5389848492198115,-3.425896418564925,28.82,0.2145988410699344,4489575.538462
canada,2010-09,-1.6088632085520078,-3.465980574040397,27.65,0.2001149738112018,3943776.602564
canada,2010-10,-1.5299397358293692,-3.484034556995266,23.48,0.2165487170516216,5020953.029316
canada,2010-11,-1.8259899526246064,-3.359932691593524,19.83,0.1610581252709216,3653443.112392
canada,2010-12,-2.111456530554161,-3.410720557617504,11.12,0.1210615081705688,3188324.909091
canada,2011-01,-2.245559025281487,-3.4603925650248764,15.22,0.1058683407490559,3510235.764331
canada,2011-02,-2.232820762840761,-3.453451314742656,18.95,0.10722554531969,3265346.012658
canada,2011-03,-2.222003007731253,-3.4923780643092783,20.53,0.1083917816669463,4099321.118421
canada,2011-04,-2.2999889753114204,-3.4956147779587323,24.26,0.100259949051426,3503406.171617
canada,2011-05,-2.1807314945971124,-3.532277978223789,25.72,0.1129588716075408,4082994.657534
canada,2011-06,-2.167184584734848,-3.560983752755588,28.14,0.1144995272594438,4293858.556338
canada,2011-07,-1.9201393558884072,-3.4060726884003287,28.52,0.1465865330103879,3606187.409639
canada,2011-08,-1.599658547375807,-3.435129920040308,28.75,0.2019654678614267,5483819.534161
canada,2011-09,-1.7746332219969445,-3.479649299925633,27.41,0.1695456237019963,4963796.720779
canada,2011-10,-1.784828509904725,-3.5990201535582886,22.31,0.1678258390016642,6343761.386861
canada,2011-11,-1.925635751484185,-3.512503819008015,20.34,0.1457830456010811,5018019.194631
canada,2011-12,-2.1749371969002973,-3.53773888766846,18.79,0.1136152888390187,4469165.395189
canada,2012-01,-2.2409769410971405,-3.552171195700876,15.65,0.1063545514773834,4902900.139373
canada,2012-02,-2.079740612557937,-3.5953930757057826,19.45,0.124962621729892,4849317.007299
canada,2012-03,-2.150742421513175,-3.531377608131557,22.06,0.1163977095233129,4587121.331058
canada,2012-04,-2.106812876571317,-3.563542071971251,22.69,0.1216249832041543,4571052.720848
canada,2012-05,-2.153172757127646,-3.527393584503794,25.8,0.1161151674994574,4438229.047619
canada,2012-06,-2.067467611134671,-3.4339553209739773,26.52,0.1265057381296451,3988656.811146
canada,2012-07,-1.7252670065609637,-3.399782332328162,28.33,0.1781254847497243,4441237.125749
canada,2012-08,-1.542091737100067,-3.389370298683515,28.02,0.2139331411944212,5583235.727003
canada,2012-09,-1.5626341698603343,-3.5711143544369794,27.15,0.20958326550714,5888511.886121
canada,2012-10,-1.453682254170776,-3.6483846155336974,24.08,0.233708128990768,8142818.153846
canada,2012-11,-1.6191972840289577,-3.6385678254246936,18.15,0.1980576193053843,6466878.288973
canada,2012-12,-1.993418493906673,-3.5147207999725243,18.34,0.1362289307754537,4368432.38255
canada,2013-01,-2.08059786228315,-3.650084928717068,19.0,0.1248555434597184,5304296.153846
canada,2013-02,-2.2113339847133355,-3.672464961969585,18.39,0.1095544070909477,4912651.968504
canada,2013-03,-2.102447191979305,-3.6675700444196986,16.43,0.1221571202453979,5748450.588235
canada,2013-04,-1.999740268724376,-3.571299425529671,23.46,0.1353704386076417,5302984.946619
canada,2013-05,-2.0701540757287025,-3.546504676558825,24.22,0.1261663410364767,5115754.166667
canada,2013-06,-2.055987385587706,-3.5065787178397905,27.6,0.1279664209780416,4599608.4
canada,2013-07,-1.6498177084943944,-3.5510423065004284,27.68,0.1920849208788697,6385319.89547
canada,2013-08,-1.509328253989494,-3.600822351483757,28.57,0.2210584232089233,6830450.622711
canada,2013-09,-1.5218244644258316,-3.640347739373933,27.35,0.2183132186835871,6452303.931298
canada,2013-10,-1.522106614949549,-3.690261855237399,24.89,0.2182516301836234,7902215.56
canada,2013-11,-1.5845341519616891,-3.5803187663489897,21.55,0.2050432898859411,5966709.569892
canada,2013-12,-1.913684689405564,-3.5504770038864346,20.01,0.1475357603692413,4902568.04878
canada,2014-01,-2.1363475484449923,-3.625948862776621,14.8,0.1180853573739329,5394016.240602
canada,2014-02,-2.151862015328215,-3.56497016522539,18.79,0.1162674642921285,4789599.116608
canada,2014-03,-2.179824696012649,-3.5080168857917453,19.44,0.1130613490085761,4868165.566667
canada,2014-04,-2.1956231687537326,-3.5765763175658125,23.09,0.111289187946884,4958763.107143
canada,2014-05,-2.211780941554131,-3.6161794216235617,25.6,0.1095054519404937,5280677.211896
canada,2014-06,-2.1570858534009854,-3.5431772725427724,27.54,0.1156616855082371,4540699.065744
canada,2014-07,-1.7537891634815732,-3.5576465201770944,28.38,0.1731167314979794,6416419.929825
canada,2014-08,-1.646078629531,-3.539384499908536,28.78,0.1928044859827486,6281495.724138
canada,2014-09,-1.6847374061354792,-3.574168224590412,27.05,0.185493134920282,6265508.892857
canada,2014-10,-1.6254369478710031,-3.699556928222981,23.94,0.1968256538617277,8222035.587045
canada,2014-11,-1.8112467107460009,-3.625219468801818,18.49,0.1634502345616924,5734772.518797
canada,2014-12,-2.13384747529691,-3.507170770745254,18.37,0.1183809487511548,4627514.7
canada,2015-01,-2.3668662619416363,-3.5575450683137606,16.65,0.0937741298726153,4473974.666667
canada,2015-02,-2.3291306500291937,-3.4948066986592963,15.62,0.0973803679216541,3899358.552632
canada,2015-03,-2.309318968975172,-3.520772771426937,22.74,0.0993288745755933,4925204.628378
canada,2015-04,-2.2526411935141453,-3.4955055022637462,25.33,0.1051212121175037,4450879.834983
canada,2015-05,-2.2489306631572856,-3.3485577418311445,26.32,0.1055119921183876,3683128.148148
canada,2015-06,-1.944954232148622,-3.534935804479459,28.34,0.1429937677058392,5733141.849315
canada,2015-07,-1.708414323025361,-3.3833076618082454,28.63,0.1811528148421015,5509655.368732
canada,2015-08,-1.529975534407291,-3.3666290906925265,28.23,0.2165409650542565,5933483.710145
canada,2015-09,-1.6497558567561426,-3.5698645755147367,27.66,0.1920968020325492,6608384.184397
canada,2015-10,-1.6018387364642248,-3.626646905783765,24.52,0.2015256245971235,7822129.924812
canada,2015-11,-1.883016984005315,-3.5836877508621026,23.75,0.1521304376028459,6035156.942446
canada,2015-12,-2.1359431328952097,-3.5146661093098217,21.99,0.118133122586503,4805474.932886
canada,2016-01,-2.387267633577021,-3.59149776493562,15.01,0.0918803921064746,4592313.65942
canada,2016-02,-2.347151488407392,-3.574933944201008,16.31,0.095641209660899,4851222.535714
canada,2016-03,-2.2701096677522408,-3.5688781305010155,21.76,0.1033008506897772,5271287.730496
canada,2016-04,-2.1602505421200004,-3.63672716263534,22.68,0.115296230857003,5331266.045627
canada,2016-05,-2.234816528126216,-3.5251725107253784,25.24,0.1070117617005496,5001720.340136
canada,2016-06,-1.980533310748612,-3.58528887575308,28.19,0.137995623133943,5579549.530686
canada,2016-07,-1.6714498669270803,-3.570436065571502,29.55,0.1879743302069751,6785170.035587
canada,2016-08,-1.729040311813974,-3.517680466882262,28.67,0.1774546293894111,6603586.464646
canada,2016-09,-1.878921001538841,-3.587363841083222,27.89,0.1527548391037151,6164907.292419
canada,2016-10,-1.698418910265448,-3.667264750376326,24.72,0.1829725915579,8657811.764706
canada,2016-11,-1.866365345870174,-3.5162512627636144,20.41,0.1546848672951326,6201749.124579
canada,2016-12,-2.2948856341383066,-3.3936235732253843,20.47,0.1007729175908522,4396974.404762
canada,2017-01,-2.3924361493594763,-3.524398753371901,18.12,0.0914067319641631,5276446.779661
canada,2017-02,-2.3796237504857043,-3.464581867794178,20.03,0.0925854061719019,4369503.354633
canada,2017-03,-2.3065898808039407,-3.480476465349425,20.46,0.09960032206585,4949349.61039
canada,2017-04,-2.207577501904056,-3.475979315680469,23.54,0.1099667202767114,5016582.524272
canada,2017-05,-2.233179794641956,-3.5012234661548494,25.02,0.1071870548490847,5324985.562914
canada,2017-06,-2.1959849626686747,-3.4150253330795906,26.51,0.1112489314785977,4672188.905775
canada,2017-07,-1.7134636636824112,-3.397611096122263,27.93,0.1802404180087195,5977572.776119
canada,2017-08,-1.6976052164276336,-3.389800323425035,28.39,0.1831215358174347,6679665.163205
canada,2017-09,-1.9218349008275968,-3.490164077287415,27.2,0.1463381995459571,6024168.983607
canada,2017-10,-1.747139532098312,-3.579525475872912,24.18,0.1742717298494242,7619733.476703
canada,2017-11,-1.909934612939272,-3.43868055781015,21.07,0.1480900694532567,5679705.856698
canada,2017-12,-2.26365708286712,-3.3544647331107647,17.99,0.1039695633399275,4249710.0
canada,2018-01,-2.379053671506043,-3.4128002062147784,14.45,0.0926382022133108,4908102.097264
canada,2018-02,-2.376689022590045,-3.392375239885633,22.11,0.0928575182382615,4564645.625
canada,2018-03,-2.3073098771161247,-3.45875381153862,18.38,0.0995286360112145,5425202.0
canada,2018-04,-2.259741585004729,-3.4102538873418444,22.81,0.1043774539692641,5043202.818182
canada,2018-05,-2.207045730669573,-3.413079648533341,24.97,0.1100252129662914,5027910.668693
canada,2018-06,-2.139792957850661,-3.37883158492236,27.67,0.1176792050552554,4698404.252199
canada,2018-07,-1.7783857051360044,-3.4170689864899444,27.94,0.1689105988130031,6143059.45122
canada,2018-08,-1.7256408570442356,-3.351427875931312,28.24,0.178058904897398,6626648.914286
canada,2018-09,-1.774011489617895,-3.4686478981957,28.54,0.1696510684817983,6192115.288462
canada,2018-10,-1.775693359826907,-3.556114426500649,25.61,0.1693659772142494,8122076.877193
canada,2018-11,-1.9527351429569408,-3.550304852741451,20.98,0.1418854633534592,6522509.163763
canada,2018-12,-2.185627585254986,-3.4832563835482686,17.94,0.1124071664329238,5162953.778502
canada,2019-01,-2.3907645843247107,-3.5022247898791776,15.87,0.0915596520335706,5459812.990033
canada,2019-02,-2.3564770581838514,-3.5571560507166704,21.17,0.0947534467678781,5498161.22807
canada,2019-03,-2.334982426167328,-3.5838264843649754,20.13,0.0968121838726305,6187632.374101
canada,2019-04,-2.338715923523905,-3.566047882222391,23.24,0.0964514097337736,6015331.484099
canada,2019-05,-2.197618690246543,-3.545190064041201,26.54,0.1110673294157742,6102938.477509
canada,2019-06,-2.242807351204381,-3.4864034183075114,28.45,0.1061600570879591,5395861.830065
canada,2019-07,-1.820088259034656,-3.427423435292061,28.62,0.1620114513285579,6806547.2
canada,2019-08,-1.7559993795020945,-3.395061536349332,28.42,0.1727345286556151,6448469.880597
canada,2019-09,-1.9525005480330488,-3.509808676719316,27.81,0.1419187528675589,6147225.48495
canada,2019-10,-1.8454741784670696,-3.641179037092849,27.27,0.1579504064480413,8223673.931298
canada,2019-11,-1.9964016584410844,-3.568689358682232,20.53,0.1358231430273474,6305561.099291
canada,2019-12,-2.260097768628072,-3.545882741970636,19.72,0.1043402830497434,5662052.638889
canada,2020-01,-2.3690961060436253,-3.5724016069314053,18.64,0.093565261141099,6095762.455516
canada,2020-02,-2.337069327928472,-3.545683125954147,19.73,0.0966103570252571,5698773.576389
canada,2020-03,-2.357736240127814,-3.524799505234991,23.33,0.0946342100247114,5941943.525424
canada,2020-04,-2.3098722013303394,-3.5518493052703426,24.24,0.0992739378261705,5137244.808362
canada,2020-05,-2.2068900521546064,-3.520779588683753,25.55,0.1100423428613986,5512700.844595
canada,2020-06,-2.270448234839197,-3.509555961390761,28.06,0.1032658823415791,5429957.826087
canada,2020-07,-1.735549180536564,-3.487843731122805,28.73,0.1763033513259129,6756503.235294
canada,2020-08,-1.658368743586328,-3.463162948137203,28.97,0.1904493986495886,7708249.265176
canada,2020-09,-1.8685480298674355,-3.526397964003334,27.94,0.15434760731055,6934377.142857
canada,2020-10,-1.833361292153771,-3.643591275108419,26.32,0.1598752760930697,9088512.290076
canada,2020-11,-1.96302361555346,-3.602740460974665,22.37,0.1404331624417733,7360175.404412
canada,2020-12,-2.169138205274666,-3.469346823564262,15.23,0.1142760569903195,5900901.125402
canada,2021-01,-2.259438029752179,-3.5047088976756444,15.74,0.1044091431031224,6094984.717608
canada,2021-02,-2.369405727651842,-3.5546757211048523,19.52,0.0935362957988506,6197089.440559
canada,2021-03,-2.361397063430772,-3.510521498938742,20.77,0.0942884042564998,6919449.364548
canada,2021-04,-2.2641881587467467,-3.5262917526240747,22.11,0.1039143622718977,6570630.170068
canada,2021-05,-2.151780633622549,-3.5341080673492264,25.81,0.1162769267217152,7019763.732877
canada,2021-06,-2.127812427219681,-3.4857776961546785,27.7,0.1190975436356139,6763884.836601
canada,2021-07,-1.812401086987668,-3.433311588085646,28.47,0.1632616603579506,7297321.702786
canada,2021-08,-1.6955440631534306,-3.410114363526392,29.34,0.183499366620397,8285084.727273
canada,2021-09,-1.883422053100036,-3.6045681978117927,28.13,0.1520688267433766,8463314.411765
canada,2021-10,-1.881387873790512,-3.676274303999089,26.01,0.1523784768394962,10859523.241107
canada,2021-11,-1.9858398189590736,-3.6089618354537496,19.89,0.1372652877060411,8983971.328413
canada,2021-12,-2.120485331258425,-3.525144220320579,21.07,0.1199733875443645,7610803.639456
canada,2022-01,-2.320762476727812,-3.611566236520873,16.11,0.098198682841815,8390039.481481
canada,2022-02,-2.3436992006871185,-3.5821508565147813,19.45,0.0959719612308558,7731328.561151
canada,2022-03,-2.162967877983517,-3.640686966876165,22.51,0.114983357557405,10966543.89313
canada,2022-04,-2.23936825625876,-3.623278638846055,23.68,0.1065257801213731,9362863.745318
canada,2022-05,-2.089445462641345,-3.599084174002257,26.54,0.123755743976186,9573563.516484
canada,2022-06,-2.123802538379213,-3.5830501377175827,28.58,0.1195760703249873,8775975.467626
canada,2022-07,-1.871271822914805,-3.5568803700883413,29.31,0.1539277684075888,9337294.526316
canada,2022-08,-1.6427714343547777,-3.557573865590536,29.25,0.1934431836154615,12803722.982456
canada,2022-09,-1.8139295354981428,-3.611095257851142,28.03,0.1630123139214962,10249078.592593
canada,2022-10,-1.820145794680185,-3.712863312193552,24.26,0.1620021301632747,12996118.114754
canada,2022-11,-1.8864441048542968,-3.624348832388268,22.64,0.1516099605866129,10521986.554307
canada,2022-12,-2.088117258802309,-3.624133380628898,17.88,0.1239202260391111,9429634.194757
canada,2023-01,-2.15149480548847,-3.662938291994989,17.98,0.1163101666889491,10899335.564202
canada,2023-02,-2.1333411122354824,-3.675250548979822,21.11,0.1184409076699889,10266601.897233
canada,2023-03,-2.1278436803628824,-3.6123759280892975,22.16,0.1190938215211919,11203025.259259
canada,2023-04,-1.9990929913552504,-3.6803682468090666,24.65,0.135458089193061,11203666.269841
canada,2023-05,-1.933778302229604,-3.610719574460598,25.67,0.1446008194545518,10647265.222222
canada,2023-06,-2.0386899899677564,-3.587748593146441,27.81,0.1301991614157371,10290145.270758
canada,2023-07,-1.7005445179735024,-3.6272394605488776,29.38,0.1825840766683264,11694050.300752
canada,2023-08,-1.620843095763783,-3.596968533221934,29.93,0.1977319218432304,12383723.284672
canada,2023-09,-1.7913874600187771,-3.657150072249443,27.92,0.1667286797355475,10948998.643411
canada,2023-10,-1.73799951546214,-3.7472684434628833,24.47,0.175871877909739,14700707.161017
canada,2023-11,-1.976122354209973,-3.678233257257479,21.09,0.1386056602646438,11118235.375494
canada,2023-12,-2.082361886242328,-3.62210664034362,18.38,0.1246354894369669,9489682.134831
canada,2024-01,-2.1831960116278863,-3.685990601628738,16.78,0.1126808253103386,11400076.414343
canada,2024-02,-2.158400661258676,-3.690060144839829,17.55,0.1155097125448136,11135323.72
canada,2024-03,-2.095922236004879,-3.637817823655598,22.07,0.1229567961648611,11753013.574144
canada,2024-04,-2.1543691309270163,-3.6304644277644766,22.54,0.1159763334206383,10875536.943396
canada,2024-05,-1.9415718067191643,-3.595951295865548,27.47,0.1434782523666923,10908449.233577
canada,2024-06,-1.8538056172110169,-3.5844863609715705,28.49,0.1566399190154053,10579735.179856
canada,2024-07,-1.559619313481288,-3.5640555867036623,29.72,0.2102160823987919,13086260.176678
canada,2024-08,-1.6864669368907002,-3.6386808909518615,29.06,0.1851725961093226,13378242.091255
canada,2024-09,-1.7883134498860291,-3.7047283020985127,28.43,0.1672419939488055,13253629.02439
canada,2024-10,-1.8306167447877728,-3.733878912970201,24.9,0.1603146640456743,15197904.728033
canada,2024-11,-2.042123004518674,-3.7028544005242368,21.89,0.1297529521597503,12212194.008097
canada,2024-12,-2.1869568593068203,-3.710029057781032,17.76,0.1122578457693731,11696756.44898
canada,2025-01,-2.328925146662537,-3.718087065005024,13.64,0.0974003819715151,12727544.074074
canada,2025-02,-2.256648849577323,-3.59131624802056,20.37,0.1047007655198139,10308802.028986
chile,2010-01,-1.0811365481167663,-1.0645585784580722,12.41,0.3392097782415713,865522.017976
chile,2010-02,-1.2218479632426544,-1.0057210883728789,12.58,0.2946850962178473,612079.182613
chile,2010-03,-1.118353363542474,-1.0203489896671476,16.05,0.3268175014105243,918459.536755
chile,2010-04,-1.395752806634198,-1.0979769378340585,21.74,0.2476465362213593,672030.653673
chile,2010-05,-2.4980623144099314,-1.4091822288702378,26.1,0.0822442077416855,266113.160049
chile,2010-06,-2.729906578057007,-1.4775019132883411,28.58,0.0652253828655037,269230.276074
chile,2010-07,-2.282328520115127,-1.5460198395074516,28.9,0.1020463129604259,319671.130924
chile,2010-08,-2.4885389037935,-1.5597010106641178,28.82,0.0830311945541202,268577.635585
chile,2010-09,-2.6401828161444247,-1.7884491318499411,27.65,0.0713482247566608,262382.105263
chile,2010-10,-2.931629621402529,-1.6984595770824726,23.48,0.0533100920528521,207361.087432
chile,2010-11,-2.917384864450276,-1.3648351466555009,19.83,0.0540749157886754,166657.223962
chile,2010-12,-1.6549778206821626,-0.8086529747568977,11.12,0.1910962940439059,372799.214366
chile,2011-01,-1.2146747978810457,-1.1410958396083004,15.22,0.2968065207106037,967169.079812
chile,2011-02,-1.3626758846035854,-1.0636300755004329,18.95,0.2559749004046703,713583.209733
chile,2011-03,-1.4987730252968428,-1.0964886115832102,20.53,0.2234041032366953,769013.293413
chile,2011-04,-1.7262881446033411,-1.296610626463642,24.26,0.1779436868770884,688859.882998
chile,2011-05,-2.617776419077405,-1.6120420003095914,25.72,0.0729649259978417,386022.451128
chile,2011-06,-2.8051349615523287,-1.6807879189189836,28.14,0.0604986056358457,346041.407089
chile,2011-07,-2.499047317130367,-1.7243055710780382,28.52,0.0821632368581369,376373.034212
chile,2011-08,-2.354227707458872,-1.6108346097564996,28.75,0.0949668203881484,415772.478718
chile,2011-09,-2.5353469699406896,-1.6383148194650308,27.41,0.079234222601233,367720.735975
chile,2011-10,-2.8814252561094595,-1.6293932020682718,22.31,0.056054813408189,296207.066327
chile,2011-11,-3.236217440744532,-1.1254956117836223,20.34,0.0393123153801646,124266.906009
chile,2011-12,-1.8778423410838536,-0.7554272597626241,18.79,0.1529196986056923,372591.600681
chile,2012-01,-1.4867177787892527,-1.0183970423452826,15.65,0.226113593746146,828243.039867
chile,2012-02,-1.4255454950479012,-1.0317163729398795,19.45,0.24037730280961,717144.666105
chile,2012-03,-1.5826201147004706,-1.039583205053778,22.06,0.2054361262147002,670853.93948
chile,2012-04,-1.913367415195732,-1.183473569046778,22.69,0.1475825770875103,512636.796212
chile,2012-05,-2.646129891973917,-1.4569822805947714,25.8,0.0709251706679764,342214.95921
chile,2012-06,-2.602339711317324,-1.5673774124748914,26.52,0.0741000026203814,361761.951103
chile,2012-07,-2.149517984895533,-1.5399165949859588,28.33,0.11654031843103,452663.824627
chile,2012-08,-2.5085084792354406,-1.5725822490695558,28.02,0.0813895429482297,344975.542169
chile,2012-09,-2.6025736246208435,-1.7926463590909694,27.15,0.0740826716710265,351283.435435
chile,2012-10,-3.16014840961369,-1.7396647775686065,24.08,0.0424194451598662,218833.969248
chile,2012-11,-3.010546240494397,-1.4197959811970875,18.15,0.0492647610019405,174960.078577
chile,2012-12,-1.9798851670743511,-0.486594335622723,18.34,0.1380850931157221,214662.467871
chile,2013-01,-1.4533757168471255,-0.993137175286916,19.0,0.2337797802364737,697154.846112
chile,2013-02,-1.1760526635372452,-0.9426585620120916,18.39,0.3084940682497079,901877.872177
chile,2013-03,-1.3528720925436546,-0.9913497414523208,16.43,0.2584967668288842,835865.419025
chile,2013-04,-1.6886815021255956,-1.1219346588967416,23.46,0.1847629730514247,624645.224201
chile,2013-05,-2.272721948581278,-1.3510105637234278,24.22,0.103031352014264,464545.525097
chile,2013-06,-2.3532091318803885,-1.5369737067710445,27.6,0.0950636005527507,476784.237209
chile,2013-07,-2.197911225453791,-1.5461029575685648,27.68,0.1110348430634776,497103.838573
chile,2013-08,-2.16584291644773,-1.6297518922090657,28.57,0.1146532507439603,493441.005102
chile,2013-09,-2.3664820450668245,-1.6503773721159658,27.35,0.0938101663982104,378342.171875
chile,2013-10,-2.5481017364917538,-1.610722096441577,24.89,0.0782300263473516,354590.255383
chile,2013-11,-2.8378512977539825,-1.124847826316102,21.55,0.0585513402941886,146402.36526
chile,2013-12,-1.8996190612357144,-0.4332380187162534,20.01,0.1496256065612717,220075.220543
chile,2014-01,-1.4950823160820643,-0.795231763275426,14.8,0.2242301462237118,603439.984496
chile,2014-02,-1.2789347423999318,-0.8859909139758502,18.79,0.2783336396113514,787009.117148
chile,2014-03,-1.4919772246723644,-0.9985477288774336,19.44,0.2249274834121169,788670.02443
chile,2014-04,-1.5805025893769395,-1.1850726454143985,23.09,0.2058716033185053,840193.71279
chile,2014-05,-2.5260795344305103,-1.7111131877743788,25.6,0.0799719337145987,574097.432208
chile,2014-06,-2.3738995805137484,-1.7048044623232683,27.54,0.0931169005044519,581119.807481
chile,2014-07,-2.1917232608192263,-1.7240212081132456,28.38,0.1117240529495547,661902.366798
chile,2014-08,-2.332256877808868,-1.8090718361199083,28.78,0.0970764100785449,559942.899878
chile,2014-09,-2.4821432902191765,-1.9281720104481328,27.05,0.0835639317638513,543551.877579
chile,2014-10,-2.98874801390725,-1.993503040587061,23.94,0.0503504353234662,381435.161527
chile,2014-11,-2.7851595893209216,-1.2220971146598183,18.49,0.0617192385135988,195524.01222
chile,2014-12,-1.9811010612426887,-0.7180994065873186,18.37,0.1379172982873172,331629.557105
chile,2015-01,-1.3445734401264244,-0.9930123348212688,16.65,0.2606508673512255,956591.020243
chile,2015-02,-1.3599573603651465,-0.916763518142272,15.62,0.2566717211086922,781502.868934
chile,2015-03,-1.4209485726788798,-0.9065790202152066,22.74,0.2414848422960723,877518.937856
chile,2015-04,-1.6772739848275176,-1.1280377649178186,25.33,0.1868827274428206,740669.7405
chile,2015-05,-2.6542830513792253,-1.6496065360979912,26.32,0.0703492573923103,448698.146799
chile,2015-06,-2.4676198593702705,-1.7749163158090566,28.34,0.0847864226408819,585618.837758
chile,2015-07,-2.0687269287294003,-1.7147055240137823,28.63,0.1263465274972003,723718.794444
chile,2015-08,-2.3317373826386456,-1.6811727264644922,28.23,0.0971268539062512,493115.241676
chile,2015-09,-2.265504920308569,-1.8381175049288057,27.66,0.1037776218809396,632787.353865
chile,2015-10,-2.6542424410023058,-1.9237271523935584,24.52,0.0703521143601799,497168.179329
chile,2015-11,-3.0389100266325126,-1.4082589428390635,23.75,0.0478870566750379,215913.074407
chile,2015-12,-2.149442561681366,-0.7829135369569555,21.99,0.1165491086079138,309085.499891
chile,2016-01,-1.4493394064270129,-0.8914315652046327,15.01,0.2347252949111429,789565.037796
chile,2016-02,-1.2588341745938592,-0.9306937277576784,16.31,0.2839849104093754,1022898.767436
chile,2016-03,-1.2759868300929833,-0.9678025265890636,21.76,0.2791553533479475,1057398.281127
chile,2016-04,-1.7471772145454956,-1.1537382128741265,22.68,0.174265162987897,671710.608558
chile,2016-05,-2.4257673587167004,-1.5439910525913452,25.24,0.0884102506292425,569036.290398
chile,2016-06,-2.2665649212092136,-1.716919486697876,28.19,0.1036676757900513,646473.346325
chile,2016-07,-2.112576811509384,-1.6229379006982023,29.55,0.1209259612080713,621671.520527
chile,2016-08,-2.2597170434721288,-1.6971362249293844,28.67,0.1043800155833862,629710.409389
chile,2016-09,-2.349320460232673,-1.680868678355379,27.89,0.0954339913783541,572973.786251
chile,2016-10,-2.6671384270389416,-1.8155842937948,24.72,0.0694506794148136,515052.175784
chile,2016-11,-2.789985807907574,-1.1758159066235054,20.41,0.0614220856167305,237001.69475
chile,2016-12,-1.847331965702738,-1.0070269968774856,20.47,0.1576572406032744,632723.013961
chile,2017-01,-1.5036570625082466,-0.9750731404907512,18.12,0.222315649471301,1003653.369565
chile,2017-02,-1.4814891206099514,-0.9566242877278264,20.03,0.2272989606762374,873924.606976
chile,2017-03,-1.7326912931797331,-0.9356755566100052,20.46,0.1768079271115856,689797.364262
chile,2017-04,-1.8740340533655493,-1.1919062749249971,23.54,0.1535031711262183,712722.964427
chile,2017-05,-2.8461067543964544,-1.6740036279471338,25.02,0.0580699619758765,464657.882667
chile,2017-06,-2.5751153311293766,-1.672257673357358,26.51,0.0761450403986724,560230.149095
chile,2017-07,-2.1698662435922005,-1.6337543428749228,27.93,0.1141928899201342,649945.204918
chile,2017-08,-2.183619542569347,-1.5360980118382823,28.39,0.11263311159914,643382.118959
chile,2017-09,-2.2590785919843515,-1.5222213483978138,27.2,0.1044466784378645,601006.494042
chile,2017-10,-2.656701753211624,-1.7531095454238306,24.18,0.0701793091244925,494285.923788
chile,2017-11,-2.964560911170365,-1.132863630099355,21.07,0.0515831138423414,197161.344303
chile,2017-12,-2.355701960762681,-0.444345384063655,17.99,0.0948269183902691,210968.019339
chile,2018-01,-1.715333779185694,-0.8633937611786741,14.45,0.1799036625925909,743628.064975
chile,2018-02,-1.558472977707417,-0.8879547028153321,22.11,0.2104571987880559,844740.308627
chile,2018-03,-1.48987988808095,-0.9168734849881436,18.38,0.2253997271073734,968030.432716
chile,2018-04,-1.8933203630381377,-1.1128691204924388,22.81,0.1505710274343196,730613.225806
chile,2018-05,-2.647022835217096,-1.423374002110983,24.97,0.0708618667836513,442249.165629
chile,2018-06,-2.563610102636153,-1.520018985471425,27.67,0.0770261655405853,479506.534065
chile,2018-07,-2.05932953613042,-1.4734605699166028,27.94,0.1275394518297421,664081.095591
chile,2018-08,-2.1448612170716976,-1.520106900606351,28.24,0.1170842852165763,697345.71102
chile,2018-09,-2.0937702065844137,-1.4749201534434304,28.54,0.1232216877326464,613293.216783
chile,2018-10,-2.327183729041353,-1.4798917329794334,25.61,0.0975701444838046,585652.094862
chile,2018-11,-3.133322118928529,-1.1621035905873431,20.98,0.0435728025092275,183783.890665
chile,2018-12,-2.283910264002205,-0.8119218694815047,17.94,0.1018850294169578,323571.317568
chile,2019-01,-2.0083982904643136,-0.9811317760386956,15.87,0.1342034575706886,642522.579354
chile,2019-02,-1.7445887633199064,-1.0810642265076127,21.17,0.1747168241618897,851816.792453
chile,2019-03,-1.570218789497757,-1.191136019973382,20.13,0.2079996692351399,1216105.426127
chile,2019-04,-1.9773762828808656,-1.3416272523992896,23.24,0.1384319675751702,934691.361897
chile,2019-05,-2.6345134220406567,-1.5949468343395845,26.54,0.0717538747697728,561582.824051
chile,2019-06,-2.678769531781757,-1.643355132864115,28.45,0.0686475708617941,552350.082773
chile,2019-07,-2.137040183138613,-1.4992411608423737,28.62,0.1180035956773697,721557.635468
chile,2019-08,-2.3067295494288005,-1.522110688913847,28.42,0.0995864119972542,570517.109482
chile,2019-09,-2.148684533040745,-1.440418098538758,27.81,0.1166374896637311,637921.165541
chile,2019-10,-2.712309492216089,-1.6488786594322224,27.27,0.0663833177867902,470897.186687
chile,2019-11,-3.592242961114208,-0.9310442723679246,20.53,0.0275364978112876,91474.7729
chile,2019-12,-2.4942687159784604,-1.2397214966001835,19.72,0.0825568017924338,445675.409326
chile,2020-01,-2.1839822388345174,-1.1151889272887343,18.64,0.1125922673976959,628618.081732
chile,2020-02,-1.6443233680068,-1.1202059743888224,19.73,0.1931432054623577,1005878.859595
chile,2020-03,-1.6464611546321986,-1.1712394944093378,23.33,0.19273074753154,1151573.564516
chile,2020-04,-2.082590073998075,-1.4411549171290383,24.24,0.1246070523889623,781846.100549
chile,2020-05,-2.796050790753475,-1.6272094045178176,25.55,0.0610506891162617,460706.483461
chile,2020-06,-2.471633256461063,-1.542417114997649,28.06,0.0844468229888816,620702.244039
chile,2020-07,-2.318268623848988,-1.528297553120951,28.73,0.0984438815273604,532245.532503
chile,2020-08,-2.183917837860634,-1.4978833099540865,28.97,0.1125995186828605,637947.906977
chile,2020-09,-2.034627283100794,-1.4616365352448524,27.94,0.1307291984063067,744606.351876
chile,2020-10,-2.6348682482370247,-1.7475489873916992,26.32,0.0717284191317443,613275.889782
chile,2020-11,-3.429784197428652,-1.6890084120760738,22.37,0.0323939307122002,250025.408771
chile,2020-12,-2.705840424985736,-1.269722883925741,15.23,0.0668141479647427,381979.604842
chile,2021-01,-2.152933411394833,-1.115840093527786,15.74,0.1161429624954875,622944.838217
chile,2021-02,-1.7465422639153585,-1.1408751738052056,19.52,0.1743758478989555,1034163.248826
chile,2021-03,-1.625327869544201,-1.2380061978045906,20.77,0.1968471244456891,1489414.286207
chile,2021-04,-2.1385420826257,-1.5344303673450528,22.11,0.1178264991614205,1015951.544527
chile,2021-05,-2.804656321221231,-1.8578657155152467,25.81,0.0605275696395953,683975.333333
chile,2021-06,-2.494057252085624,-1.7238248215830565,27.7,0.0825742614210964,804386.317265
chile,2021-07,-2.1507230976563645,-1.508869085420144,28.47,0.1163999587977171,759712.915913
chile,2021-08,-2.375286130078016,-1.590481702649453,29.34,0.0929878787748136,679827.119725
chile,2021-09,-2.338740351912958,-1.4696881604727836,28.13,0.0964490536099903,634803.508696
chile,2021-10,-2.393195217936436,-1.413685348076663,26.01,0.0913373743131435,677162.039474
chile,2021-11,-2.976668279200529,-1.43113488512026,19.89,0.0509623436287515,378206.0
chile,2021-12,-2.9727444463311854,-1.2081989309886314,21.07,0.0511627041813716,319456.106461
chile,2022-01,-2.1276321299298746,-0.9557443132464704,16.11,0.119119018535829,714672.16645
chile,2022-02,-1.901557479932728,-1.0135285414499078,19.45,0.149335850413058,921577.084596
chile,2022-03,-1.88288245184032,-1.0614713208804227,22.51,0.152150905416737,1099157.849089
chile,2022-04,-1.9765567284125007,-1.0837565899980866,23.68,0.1385454666157311,961071.200118
chile,2022-05,-2.6557281243400466,-1.469411285840302,26.54,0.070247671000191,644742.377227
chile,2022-06,-2.7375616325452743,-1.3551303093887483,28.58,0.0647279852375724,512078.646762
chile,2022-07,-2.39238565345076,-1.218543689972713,29.31,0.0914113477466945,534438.495096
chile,2022-08,-2.5167114661237986,-1.3685970522740831,29.25,0.0807246364326938,598337.206287
chile,2022-09,-2.512228528789555,-1.298717111466916,28.03,0.0810873322831191,504402.990106
chile,2022-10,-2.854767166733489,-1.3564084683102575,24.26,0.0575692235909382,437448.835404
chile,2022-11,-3.2952476816527385,-1.1432796149181073,22.64,0.0370588651094364,215404.648683
chile,2022-12,-2.955114017695253,-0.731078590515953,17.88,0.0520727230256143,219769.850436
chile,2023-01,-2.1093746355710445,-0.9551144725580348,17.98,0.1213138080568831,759260.210499
chile,2023-02,-2.024206845301239,-1.0693134673461566,21.11,0.1320985762540333,844104.807692
chile,2023-03,-2.110994432008074,-1.147381701140567,22.16,0.1211174634449112,968886.456693
chile,2023-04,-2.568587988111346,-1.4494113184094897,24.65,0.0766436908573053,680642.52663
chile,2023-05,-2.875411350908885,-1.5699260488052074,25.67,0.0563929374459376,538745.579049
chile,2023-06,-2.854845267465141,-1.6324551815285666,27.81,0.0575647275680287,644948.418628
chile,2023-07,-2.375449845229733,-1.5737313559198394,29.38,0.0929726564962249,764081.408587
chile,2023-08,-2.3123683820320227,-1.602024950438666,29.93,0.0990264411650942,843336.962779
chile,2023-09,-2.209300100105764,-1.5878027081629909,27.92,0.1097774548630469,909946.927593
chile,2023-10,-2.4562023868593883,-1.6145468075779454,24.47,0.0857600167060716,850130.522613
chile,2023-11,-3.3446759777225266,-1.548017665140923,21.09,0.0352716421040263,336537.61166
chile,2023-12,-2.977124847708565,-0.9111926189959422,18.38,0.0509390811384193,257600.236318
chile,2024-01,-2.3087608103254365,-0.9058631418506032,16.78,0.0993843313214976,624385.883226
chile,2024-02,-1.9955639233447853,-0.9650287936392186,17.55,0.1359369745148098,859878.275591
chile,2024-03,-1.8361622524169063,-1.0236602848326897,22.07,0.1594280983535712,1115475.655441
chile,2024-04,-1.879382355656089,-1.1853563842926813,22.54,0.1526843812840174,1241562.169503
chile,2024-05,-2.3232564829445392,-1.299848718164116,27.47,0.0979540798637943,748555.796038
chile,2024-06,-2.751528991188866,-1.646071758255737,28.49,0.0638301907578552,621636.141079
chile,2024-07,-2.5240492755415764,-1.4432212711457748,29.72,0.0801344623756895,597689.301439
chile,2024-08,-2.5443154133299952,-1.4942014205481349,29.06,0.0785267919788056,664925.650624
chile,2024-09,-2.435083495982344,-1.4215069614287807,28.43,0.0875904332934555,707365.687655
chile,2024-10,-2.8397049576852167,-1.4469035996560349,24.9,0.058442906551456,562753.557161
chile,2024-11,-3.3509345484376705,-1.0512673431335495,21.89,0.0350515813887621,233149.150215
chile,2024-12,-3.409211321697651,-0.5152505147151561,17.76,0.0330672695324447,141301.881486
chile,2025-01,-2.337685476915356,-0.607214962921278,13.64,0.0965508489864451,562638.585061
chile,2025-02,-1.9691944991069283,-0.8165427883694768,20.37,0.1395692340914408,858093.970588
costarica,2010-01,-2.487301764303606,-2.4662674070435795,12.41,0.0831339792902148,861735.194346
costarica,2010-02,-2.2378956963294487,-2.547696650705476,12.58,0.1066827612703264,1035203.243934
costarica,2010-03,-2.374930469919492,-2.519292581688878,16.05,0.093020956740428,1170698.099379
costarica,2010-04,-2.301581927318914,-2.471620381933569,21.74,0.1001003669014113,1073361.184834
costarica,2010-05,-2.0641023975422503,-2.546315699953684,26.1,0.1269321740807107,1279794.247449
costarica,2010-06,-2.153491808527687,-2.505944151281037,28.58,0.1160781267019741,1339933.14951
costarica,2010-07,-2.032447003331979,-2.532402288896324,28.9,0.1310145355771839,1100124.666667
costarica,2010-08,-2.1635158724646644,-2.552569636508424,28.82,0.1149203645735199,1003045.905006
costarica,2010-09,-2.10224653711031,-2.466584056284291,27.65,0.1221816341256901,884882.391048
costarica,2010-10,-2.284258763406528,-2.4812595549791183,23.48,0.1018495287312398,867204.784689
costarica,2010-11,-2.262907662072359,-2.5067430867594247,19.83,0.1040475094963039,1004900.969325
costarica,2010-12,-2.425161802501681,-2.4835125177850728,11.12,0.0884638042192006,921870.659472
costarica,2011-01,-2.638682800421788,-2.4501391199042435,15.22,0.0714553285241633,862032.526072
costarica,2011-02,-2.369536357642544,-2.462851718661106,18.95,0.0935240779514262,1056335.481221
costarica,2011-03,-2.236407004286713,-2.4487032764786774,20.53,0.1068416973221915,1421726.979167
costarica,2011-04,-2.1346766736718945,-2.4376528104679203,24.26,0.1182828281471661,1432900.080092
costarica,2011-05,-2.2475673309852704,-2.515084723818205,25.72,0.1056559381125827,1378436.31644
costarica,2011-06,-2.101038569052035,-2.4494309609412825,28.14,0.1223293148158422,1509670.359212
costarica,2011-07,-2.2346368622036312,-2.4083556993987925,28.52,0.1070309897947078,971313.3
costarica,2011-08,-2.3179341203691,-2.473021246752945,28.75,0.098476816856489,1021335.278766
costarica,2011-09,-2.552677411570824,-2.296253288035067,27.41,0.0778728888610166,698017.683897
costarica,2011-10,-2.5772365040414096,-2.470568552743752,22.31,0.0759836947830639,931327.171598
costarica,2011-11,-2.5151965153647287,-2.4268525901200726,20.34,0.0808470229633097,939171.472254
costarica,2011-12,-2.6732131320537578,-2.4262752141963224,18.79,0.0690300658693544,893858.269231
costarica,2012-01,-2.59823149690312,-2.5790036791186823,15.65,0.0744050474850632,1298709.617414
costarica,2012-02,-2.4062121116973305,-2.4781205679994267,19.45,0.0901561500296064,1142574.183552
costarica,2012-03,-2.349818353520678,-2.4627706068445465,22.06,0.0953864872615711,1292738.474178
costarica,2012-04,-2.1698863785151623,-2.595966731186857,22.69,0.1141905906782405,1628063.592493
costarica,2012-05,-2.047135855171012,-2.531417369655186,25.8,0.1291041475278672,1824908.754717
costarica,2012-06,-2.306604904125732,-2.5997508272621643,26.52,0.0995988257494009,1365162.570659
costarica,2012-07,-2.0698759584005733,-2.5947972699610484,28.33,0.1262014349620338,1406915.649264
costarica,2012-08,-2.1673017997286856,-2.446443339662579,28.02,0.1144861069846057,1162713.441109
costarica,2012-09,-2.2918953987482857,-2.4076776215782143,27.15,0.1010747033156971,886656.166667
costarica,2012-10,-2.379351299114332,-2.45812137699643,24.08,0.0926106346293904,980079.626168
costarica,2012-11,-2.31142730528544,-2.517180772498725,18.15,0.0991196765100981,1054739.52912
costarica,2012-12,-2.494362020892061,-2.489716708779756,18.34,0.082549099196526,951547.21351
costarica,2013-01,-2.467866751794183,-2.516120688592957,19.0,0.0847654920993837,1158780.049505
costarica,2013-02,-2.4742627796510424,-2.553097137640115,18.39,0.084225059803012,1233052.570694
costarica,2013-03,-2.3832953959761225,-2.498483613112015,16.43,0.0922460886907962,1346630.170316
costarica,2013-04,-2.35331716939431,-2.526109513423915,23.46,0.0950533306724587,1307917.1375
costarica,2013-05,-2.1748110624875023,-2.506030787786101,24.22,0.1136296205406023,1626147.904412
costarica,2013-06,-2.319173433643867,-2.5776576484309617,27.6,0.0983548488240136,1395494.960526
costarica,2013-07,-2.1084684574460555,-2.5939554685996824,27.68,0.1214237898000022,1550795.261044
costarica,2013-08,-2.224498515856795,-2.429087531330969,28.57,0.1081216263226836,1035241.316686
costarica,2013-09,-2.182379277187944,-2.519291513713884,27.35,0.1127728932134864,1084788.111801
costarica,2013-10,-2.2428630040085147,-2.5012911945341405,24.89,0.1061541491474934,1171802.731707
costarica,2013-11,-2.3590061254044064,-2.4726319212606733,21.55,0.0945141117064214,909175.556872
costarica,2013-12,-2.4162158723255014,-2.504188422447488,20.01,0.0892587456786922,1041926.181151
costarica,2014-01,-2.616157912884635,-2.4828542316030666,14.8,0.0730831158020888,1063477.772455
costarica,2014-02,-2.490388420185172,-2.5081644735699284,18.79,0.0828777689241166,1186973.562654
costarica,2014-03,-2.389518120185821,-2.482821387101802,19.44,0.0916738490128339,1418180.215569
costarica,2014-04,-2.312749101873543,-2.59814295297112,23.09,0.0989887470100192,1659935.873656
costarica,2014-05,-2.2683344801788867,-2.5726031576770567,25.6,0.103484391938111,1759367.129751
costarica,2014-06,-2.0716964080410687,-2.5248116049248863,27.54,0.1259719005963943,1784317.815231
costarica,2014-07,-2.131432145529303,-2.5602863957323976,28.38,0.1186672233652168,1621622.949547
costarica,2014-08,-2.381592992753674,-2.3827877614527937,28.78,0.0924032624780629,945865.828819
costarica,2014-09,-2.3392338799629973,-2.490672020829168,27.05,0.0964014650407468,1099804.885404
costarica,2014-10,-2.512252493854058,-2.439982602937904,23.94,0.0810853890432557,959446.41055
costarica,2014-11,-2.3966765359159647,-2.482265852487862,18.49,0.0910199527130904,1016114.413876
costarica,2014-12,-2.518732905235899,-2.5368937270053085,18.37,0.0805616213133773,1194370.202276
costarica,2015-01,-2.973001717822168,-2.464141412044977,16.65,0.0511495431692334,817273.725029
costarica,2015-02,-2.6564412525083894,-2.458094494949845,15.62,0.0701975932652843,998260.303738
costarica,2015-03,-2.587428034935253,-2.522518868756705,22.74,0.0752132373493891,1374735.703611
costarica,2015-04,-2.487968634963445,-2.533297723292881,25.33,0.0830785581600072,1342352.531486
costarica,2015-05,-2.3429664649799844,-2.607765826799544,26.32,0.0960423090837777,1596677.584803
costarica,2015-06,-2.310260256389636,-2.5550799809369105,28.34,0.0992354215460428,1495216.666667
costarica,2015-07,-2.2338938952692406,-2.583191454104397,28.63,0.1071105398289436,1462730.450331
costarica,2015-08,-2.3687559094321005,-2.591606662641191,28.23,0.0935970971408382,1181324.859813
costarica,2015-09,-2.46641547990408,-2.536060643322279,27.66,0.0848885991846371,1039796.717172
costarica,2015-10,-2.5943841917164128,-2.4597632691427336,24.52,0.0746918577797622,901952.222222
costarica,2015-11,-2.609990978565929,-2.494358548592809,23.75,0.0735352071530879,983011.551515
costarica,2015-12,-2.589796482934228,-2.523352262630482,21.99,0.0750353094974995,1134154.46384
costarica,2016-01,-2.8838103373657256,-2.5151536108312884,15.01,0.0559212774337832,953556.31644
costarica,2016-02,-2.626358050656286,-2.563884506307589,16.31,0.07234144694482,1334321.961039
costarica,2016-03,-2.4613115419674947,-2.5880846956605907,21.76,0.085322972891661,1632713.829787
costarica,2016-04,-2.335498538629154,-2.558146792677653,22.68,0.0967622307898904,1520323.139535
costarica,2016-05,-2.318489633244364,-2.580123613811405,25.24,0.0984221269087016,1784262.559367
costarica,2016-06,-2.2249715187303063,-2.564039853042995,28.19,0.1080704965759561,1571918.467532
costarica,2016-07,-2.181467217398593,-2.629534583578844,29.55,0.1128757957542167,1587939.930652
costarica,2016-08,-2.303794427873185,-2.703157750878337,28.67,0.0998791396071601,1647589.343284
costarica,2016-09,-2.461285334431031,-2.52518150521083,27.89,0.085325209025886,1192336.1625
costarica,2016-10,-2.558629920581186,-2.5123293075361124,24.72,0.0774107266653495,1151708.495684
costarica,2016-11,-2.5729571846765507,-2.498127590395617,20.41,0.0763095500015654,1105426.545012
costarica,2016-12,-2.823537434467296,-2.512286737013679,20.47,0.0593954630911577,1073697.151665
costarica,2017-01,-3.017575639779772,-2.480945112011517,18.12,0.0489196736256043,995275.902031
costarica,2017-02,-2.69796723323196,-2.4535368451528825,20.03,0.0673422648181265,1156706.418605
costarica,2017-03,-2.6765480494986407,-2.429787436401244,20.46,0.0688002397370585,1195231.827469
costarica,2017-04,-2.606378246388215,-2.5113930930736355,23.54,0.073801350625236,1281189.729064
costarica,2017-05,-2.3068987081965853,-2.584019838344522,25.02,0.0995695675072493,1978621.430464
costarica,2017-06,-2.333846111964521,-2.5301442375484537,26.51,0.096922255458279,1682406.306533
costarica,2017-07,-2.2530126216623563,-2.611933858238489,27.93,0.1050821743906532,1590561.566757
costarica,2017-08,-2.465146354216397,-2.5101711872207173,28.39,0.0849964018795688,1285153.98524
costarica,2017-09,-2.492638536138576,-2.524325873259345,27.2,0.0826914939827793,1296186.816479
costarica,2017-10,-2.483805120243516,-2.52923532300232,24.18,0.0834251780375811,1276896.988708
costarica,2017-11,-2.550294373135198,-2.523819565715292,21.07,0.0780586842391035,1198262.032419
costarica,2017-12,-2.756043570010645,-2.488776232652554,17.99,0.063542673827725,1092108.771084
costarica,2018-01,-2.887443483050049,-2.4548338697728025,14.45,0.0557184759128255,1130642.828871
costarica,2018-02,-2.820439886118954,-2.5835975559241264,22.11,0.0595797286481579,1303409.377483
costarica,2018-03,-2.6786244658420304,-2.5142238843837244,18.38,0.0686575300085202,1457196.328801
costarica,2018-04,-2.615542484749156,-2.5669476795262427,22.81,0.073128107050802,1518227.265625
costarica,2018-05,-2.3797538541206533,-2.6789497667032687,24.97,0.0925733612575763,2028865.0
costarica,2018-06,-2.239182181343914,-2.6217869772264075,27.67,0.1065456037411201,1995290.605227
costarica,2018-07,-2.223398370177001,-2.6034931215084383,27.94,0.1082406413176872,1744858.837838
costarica,2018-08,-2.629722610010188,-2.49119622179328,28.24,0.0720984588559747,1134211.256039
costarica,2018-09,-2.606755728166418,-2.678467079618556,28.54,0.0737734972175758,1222871.048035
costarica,2018-10,-2.685072660059357,-2.488788940971375,25.61,0.0682162372203949,1123299.204819
costarica,2018-11,-2.846340429618382,-2.4846039136760574,20.98,0.0580563940499303,918422.889688
costarica,2018-12,-2.837492856335597,-2.525335968662421,17.94,0.0585723312814469,1032393.2
costarica,2019-01,-3.0139661553577004,-2.555162612428343,15.87,0.0490965674812436,1134149.330759
costarica,2019-02,-2.974665684572435,-2.544203527075428,21.17,0.0510645028019018,1075763.401274
costarica,2019-03,-2.854677727563928,-2.5114473419020347,20.13,0.0575743727647539,1259831.514778
costarica,2019-04,-2.6308845043864424,-2.587960151377612,23.24,0.0720147367096575,1690211.130319
costarica,2019-05,-2.4794144435712338,-2.573551384659144,26.54,0.0837922763358947,1743933.643512
costarica,2019-06,-2.563882511131097,-2.547738387052959,28.45,0.0770051858164164,1529605.070243
costarica,2019-07,-2.5324157757342274,-2.519847307732176,28.62,0.0794668142145363,1347889.937888
costarica,2019-08,-2.5600041206490656,-2.45457484655144,28.42,0.0773044218982495,1125468.894063
costarica,2019-09,-2.583820037561414,-2.509163750611018,27.81,0.0754850966511331,1202489.286593
costarica,2019-10,-2.796119616946521,-2.3892333282633222,27.27,0.0610464873743435,908108.560523
costarica,2019-11,-2.703003014867827,-2.449889128330515,20.53,0.0670039963156424,1016456.929316
costarica,2019-12,-2.877647337205924,-2.419193018002201,19.72,0.0562669844775909,988047.932584
costarica,2020-01,-3.185331539173088,-2.43117768604124,18.64,0.041364529565434,861507.246871
costarica,2020-02,-2.9321123122295205,-2.500319341512763,19.73,0.0532843659698038,1102571.717418
costarica,2020-03,-2.781214875950114,-2.436818229343101,23.33,0.0619631840502781,1313181.235698
costarica,2020-04,-2.5166491526864947,-2.6881333687743543,24.24,0.0807296668189937,1763198.294118
costarica,2020-05,-2.4181327988545345,-2.609829031689692,25.55,0.0890878071118336,1797327.578231
costarica,2020-06,-2.4845397014598016,-2.5035066224447475,28.06,0.083363917971831,1602269.621027
costarica,2020-07,-2.3893255280784307,-2.419590024294055,28.73,0.0916915063728874,1208153.033708
costarica,2020-08,-2.4646219486205108,-2.504268820259701,28.97,0.0850409861574453,1318641.419829
costarica,2020-09,-2.541633762425874,-2.4666058266567057,27.94,0.0787376560270314,1224981.919906
costarica,2020-10,-2.842534401494432,-2.431032412398108,26.32,0.0582777793505535,987476.803185
costarica,2020-11,-2.650581832631561,-2.488071334193068,22.37,0.0706101178356423,1211304.4284
costarica,2020-12,-2.761160069155792,-2.4294868520256068,15.23,0.0632183881026668,1152367.468785
costarica,2021-01,-2.9430638604589663,-2.391667579009925,15.74,0.0527040034008807,1012099.234973
costarica,2021-02,-2.9404138023046604,-2.4033376794869628,19.52,0.052843857303498,1107642.754425
costarica,2021-03,-2.8427170406209576,-2.46201487245333,20.77,0.0582671365197653,1498853.141852
costarica,2021-04,-2.691073670593455,-2.578469561023258,22.11,0.0678080967148088,1660804.664032
costarica,2021-05,-2.558704116207745,-2.5832134708515504,25.81,0.0774049833410496,1807314.662252
costarica,2021-06,-2.560535656727477,-2.543952268738994,27.7,0.0772633427274877,1708306.424936
costarica,2021-07,-2.393035573333586,-2.524126437854404,28.47,0.0913519569959834,1646520.51186
costarica,2021-08,-2.4903915723043,-2.4393209237707274,29.34,0.0828775076839276,1416108.474771
costarica,2021-09,-2.7254247025757503,-2.407219381210256,28.13,0.0655183709874215,1100797.624861
costarica,2021-10,-2.9599071156228063,-2.423893161490182,26.01,0.0518237305641152,1054636.027088
costarica,2021-11,-2.96732264673876,-2.3040416403270565,19.89,0.0514408514580796,913312.882883
costarica,2021-12,-3.029427191603779,-2.280855067156548,21.07,0.0483433216571777,882223.287671
costarica,2022-01,-3.1616720605533457,-2.352532534251019,16.11,0.0423548619460202,1027412.534175
costarica,2022-02,-2.949411099000227,-2.4162341359011714,19.45,0.0523705379311949,1313379.193729
costarica,2022-03,-2.9417555058875893,-2.4304711102684715,22.51,0.0527730040534768,1498529.272727
costarica,2022-04,-2.916405810939744,-2.4260231803150907,23.68,0.0541278839499111,1436924.751131
costarica,2022-05,-2.6524012506305468,-2.3597831950216404,26.54,0.0704817653151916,1576796.631356
costarica,2022-06,-2.76336582972402,-2.2980384919833026,28.58,0.0630790971527208,1280605.393035
costarica,2022-07,-2.557744366278589,-2.2840924790075663,29.31,0.0774793084293715,1314499.715407
costarica,2022-08,-2.6872889756559903,-2.30859425950784,29.25,0.0680652159271423,1291714.517103
costarica,2022-09,-2.6810269498837824,-2.1922077144965946,28.03,0.0684927793729591,1040925.846016
costarica,2022-10,-2.947083602303753,-2.2425499898574808,24.26,0.0524925721472489,967511.393597
costarica,2022-11,-2.9118461561722904,-2.215903650405111,22.64,0.0543752519417629,923544.445463
costarica,2022-12,-3.1173382658305475,-2.174140039828662,17.88,0.0442748596255687,791153.289358
costarica,2023-01,-3.05821738582324,-2.2880146768174856,17.98,0.0469713524323163,1114506.206897
costarica,2023-02,-2.938405826944658,-2.29760289591198,21.11,0.0529500730705242,1155436.328358
costarica,2023-03,-2.9916120844873624,-2.283362990790064,22.16,0.0502064344357488,1251396.810599
costarica,2023-04,-2.7022396989008133,-2.368429017217216,24.65,0.0670551610608331,1493179.850427
costarica,2023-05,-2.4926141644734545,-2.389107217439262,25.67,0.0826935093367377,1792805.474373
costarica,2023-06,-2.6352783074508177,-2.386383916607529,27.81,0.0716990122622794,1706154.804348
costarica,2023-07,-2.4929144695479666,-2.317482729348109,29.38,0.0826686797846615,1429843.370558
costarica,2023-08,-2.649978264723785,-2.227651741577428,29.93,0.070652748700749,1124696.428571
costarica,2023-09,-2.6186670722497696,-2.260889520769485,27.92,0.0728999684866311,1184204.832215
costarica,2023-10,-2.828745848074293,-2.2500654603197816,24.47,0.0590869111834986,1105871.091082
costarica,2023-11,-2.9024799097053275,-2.2351653344063083,21.09,0.0548869364942799,1041023.738318
costarica,2023-12,-2.9034127617702934,-2.299876948469571,18.38,0.0548357589764694,1111435.154536
costarica,2024-01,-3.017408766480363,-2.3344138014722926,16.78,0.0489278376941118,1282223.436533
costarica,2024-02,-3.0056039621843222,-2.3058251916940606,17.55,0.049508843827486,1196773.540622
costarica,2024-03,-2.8788193521782635,-2.348364044968407,22.07,0.056201077358944,1479427.602094
costarica,2024-04,-2.793004717946977,-2.370909515288757,22.54,0.0612369374792238,1629272.751606
costarica,2024-05,-2.4847545460865867,-2.398033769296469,27.47,0.083346009605814,1910066.237624
costarica,2024-06,-2.652791923674914,-2.297417160498348,28.49,0.0704542353673179,1316310.0199
costarica,2024-07,-2.5610968266502327,-2.264844357982754,29.72,0.0772199970267068,1310594.903661
costarica,2024-08,-2.6845754194716283,-2.2318872019730644,29.06,0.068250165536852,1208598.555452
costarica,2024-09,-2.675347624532983,-2.276441104932421,28.43,0.0688828788535877,1308845.877193
costarica,2024-10,-2.9136919733048923,-2.195076382773483,24.9,0.0542749777425266,1103882.459605
costarica,2024-11,-3.0228028549690937,-2.220454488183832,21.89,0.048664627136748,1041734.327808
costarica,2024-12,-3.038093083617901,-2.260859614724954,17.76,0.0479261936556436,1173014.707574
costarica,2025-01,-3.311176964212203,-2.2901839777424104,13.64,0.0364732208060651,1144415.750988
costarica,2025-02,-3.118834813085295,-2.2769300565304995,20.37,0.0442086497613942,1170920.243665
guatemala,2010-01,-2.791532298984808,-2.4572728808269484,12.41,0.0613271703211249,629759.976663
guatemala,2010-02,-2.534782501914572,-2.489868574163008,12.58,0.0792789604118096,726601.942099
guatemala,2010-03,-2.562772649167109,-2.411237799587437,16.05,0.0770906983879814,870701.973244
guatemala,2010-04,-2.27412768199944,-2.4509684351979475,21.74,0.1028866191513639,1080200.301624
guatemala,2010-05,-2.196298408884576,-2.425243156475471,26.1,0.1112140663864537,993346.915254
guatemala,2010-06,-2.523726194873207,-2.50891530689919,28.58,0.0801603564540661,927594.434889
guatemala,2010-07,-2.271754839052684,-2.497976167190817,28.9,0.1031310428147324,836525.382746
guatemala,2010-08,-2.1262883026878794,-2.3871634712884706,28.82,0.1192792015230023,882491.4037
guatemala,2010-09,-2.169354435638995,-2.4666889132147034,27.65,0.114251349708211,827448.480565
guatemala,2010-10,-2.362045046835016,-2.448414893504352,23.48,0.094227326726079,776304.398148
guatemala,2010-11,-2.65242380617344,-2.507671635276189,19.83,0.0704801755786395,680704.392638
guatemala,2010-12,-2.8245427122757074,-2.39429216989663,11.12,0.0593357841521742,565447.489035
guatemala,2011-01,-2.730911206226747,-2.329240535499768,15.22,0.0651598885127393,696500.13347
guatemala,2011-02,-2.5344816924955245,-2.4227042798961,18.95,0.0793028118570236,860365.512965
guatemala,2011-03,-2.224113372489354,-2.3438484026155137,20.53,0.1081632766701014,1295381.739583
guatemala,2011-04,-2.119723868932109,-2.3145170147565204,24.26,0.1200647775497473,1286661.52834
guatemala,2011-05,-1.9857258376353333,-2.3668296097287578,25.72,0.1372809342769288,1544716.215352
guatemala,2011-06,-2.096893769525604,-2.5962413557353683,28.14,0.1228373975250679,1753695.38874
guatemala,2011-07,-1.9311375508907425,-2.549737963327582,28.52,0.1449831788980322,1516208.361076
guatemala,2011-08,-1.982794289812825,-2.409913526066924,28.75,0.1376839703720338,1340506.581292
guatemala,2011-09,-2.0216957092161505,-2.417603202566952,27.41,0.1324307105983911,1340260.213244
guatemala,2011-10,-2.0971826228079875,-2.4877161347170995,22.31,0.122801920663644,1530533.044525
guatemala,2011-11,-2.545073238853085,-2.39089672836493,20.34,0.0784673049148524,879648.579235
guatemala,2011-12,-2.8267598063218498,-2.292507015705419,18.79,0.0592043768633938,670988.50495
guatemala,2012-01,-2.6991738312639075,-2.435863207712834,15.65,0.0672610587753079,1017031.748571
guatemala,2012-02,-2.3029792773566053,-2.436431800802292,19.45,0.0999605893317888,1214707.645714
guatemala,2012-03,-2.102503353146652,-2.251237250695572,22.06,0.1221502599515681,1339459.040836
guatemala,2012-04,-2.0161370778765613,-2.32953614965945,22.69,0.1331688938401771,1455693.103803
guatemala,2012-05,-2.0427598159375457,-2.452220065552561,25.8,0.1296703503018773,1692410.150987
guatemala,2012-06,-2.2275465216658925,-2.5181998855261774,26.52,0.1077925727109746,1361986.377171
guatemala,2012-07,-1.9142160836647384,-2.511437141217803,28.33,0.1474573815400325,1512289.224138
guatemala,2012-08,-1.8523913239829688,-2.4049154578223284,28.02,0.1568616105235574,1527800.741971
guatemala,2012-09,-1.978907667731021,-2.343515170144416,27.15,0.1382201371955632,1136724.864583
guatemala,2012-10,-2.036337748379258,-2.457097665414645,24.08,0.1305057817792135,1379504.737456
guatemala,2012-11,-2.3640893668666094,-2.2408288211858576,18.15,0.0940348926799362,758937.979323
guatemala,2012-12,-2.505258477341509,-2.1526107920477973,18.34,0.0816544894220202,671500.70568
guatemala,2013-01,-2.57627795744808,-2.2060863009661413,19.0,0.0760565636133519,763031.843778
guatemala,2013-02,-2.53151837908569,-2.3510320336528223,18.39,0.0795381594749932,950610.262329
guatemala,2013-03,-2.330284564003636,-2.2160411028975564,16.43,0.0972680641611735,1070818.761468
guatemala,2013-04,-2.191051407720975,-2.2272751099603694,23.46,0.1117991403216954,1141622.662338
guatemala,2013-05,-2.0829059167303887,-2.371967242846284,24.22,0.1245677023716058,1559130.460879
guatemala,2013-06,-2.240170580315455,-2.367626889372336,27.6,0.1064403462027507,1224934.247599
guatemala,2013-07,-1.9533867474782465,-2.410703298682664,27.68,0.1417930402589539,1506433.140312
guatemala,2013-08,-1.9790445816354032,-2.339963264077046,28.57,0.1382012142323534,1210571.671859
guatemala,2013-09,-1.9127098581658284,-2.432199646165401,27.35,0.1476796529615294,1302453.485194
guatemala,2013-10,-2.315273633427,-2.42963639444012,24.89,0.0987391619699655,1014483.325766
guatemala,2013-11,-2.358863409541894,-2.299100823897525,21.55,0.094527601331962,765158.215354
guatemala,2013-12,-2.482202172260742,-2.20026969158188,20.01,0.0835590114938069,719220.009025
guatemala,2014-01,-2.791935126481771,-2.2484339308927463,14.8,0.0613024710257203,705361.742424
guatemala,2014-02,-2.6131589074705173,-2.301473107381052,18.79,0.0733026214468483,853714.835165
guatemala,2014-03,-2.416067170482843,-2.223467392996889,19.44,0.0892720196055522,1065762.735675
guatemala,2014-04,-2.120241424277691,-2.2055119145204425,23.09,0.1200026534600244,1358587.686025
guatemala,2014-05,-2.150526706330181,-2.3049931233186856,25.6,0.1164228209848872,1513260.641283
guatemala,2014-06,-2.1938424072850187,-2.4343077949163896,27.54,0.1114875440046592,1442307.297605
guatemala,2014-07,-2.263183083119876,-2.3545268633552454,28.38,0.1040188565682377,1157829.093783
guatemala,2014-08,-2.124334331006588,-2.3778007612101004,28.78,0.1195124975576407,1216772.198276
guatemala,2014-09,-2.1215334564921204,-2.408033038320424,27.05,0.1198477062858624,1259429.2
guatemala,2014-10,-2.2907060797305734,-2.373372878179316,23.94,0.101194984894967,1120308.626609
guatemala,2014-11,-2.4506528224414508,-2.3208572625363475,18.49,0.0862372704937266,819588.391039
guatemala,2014-12,-2.6055029393270472,-2.216195220049191,18.37,0.0738659777487245,794703.633028
guatemala,2015-01,-2.7819004326674124,-2.2357599702974498,16.65,0.0619207193308772,787614.359214
guatemala,2015-02,-2.557154892678428,-2.394480642871628,15.62,0.0775249939001158,1034766.22807
guatemala,2015-03,-2.443897051756435,-2.294943771617988,22.74,0.0868218421102386,1264180.069444
guatemala,2015-04,-2.210766085819909,-2.301992062720456,25.33,0.1096166405869988,1404884.265734
guatemala,2015-05,-2.134598640613591,-2.465899159504078,26.32,0.1182920584781219,1707143.474676
guatemala,2015-06,-2.2046577928741686,-2.513704821200484,28.34,0.1102882602760909,1594052.777778
guatemala,2015-07,-2.1290683928592755,-2.414424085917473,28.63,0.1189480551089249,1371825.503356
guatemala,2015-08,-2.1237332889025384,-2.4229891195167546,28.23,0.1195843511919996,1274499.041714
guatemala,2015-09,-2.2164105784786066,-2.481179329625584,27.66,0.1089996531924598,1264861.854067
guatemala,2015-10,-2.4085341047445663,-2.4518753071244297,24.52,0.089947050933345,1078599.372822
guatemala,2015-11,-2.643531747001111,-2.3579821647679866,23.75,0.0711096841361684,829000.634249
guatemala,2015-12,-2.777210930714616,-2.181670540654065,21.99,0.0622117785931869,667974.021258
guatemala,2016-01,-2.877370970523414,-2.219462931844092,15.01,0.0562825369464189,714269.172033
guatemala,2016-02,-2.749195146491181,-2.2826316961280404,16.31,0.0639793344815553,890848.215686
guatemala,2016-03,-2.5203301306085693,-2.1386861188253614,21.76,0.0804330489546026,982542.113752
guatemala,2016-04,-2.424619985137241,-2.170668725238755,22.68,0.0885117484317815,943379.141104
guatemala,2016-05,-2.375761470320918,-2.41327318789324,25.24,0.0929436883974942,1427026.670391
guatemala,2016-06,-2.28855001900039,-2.396379078249651,28.19,0.1014134028045178,1248152.230769
guatemala,2016-07,-2.237059552274694,-2.317933593627555,29.55,0.1067720007302301,1099485.888325
guatemala,2016-08,-2.1261551150793467,-2.336969910887943,28.67,0.119295089092591,1364879.855072
guatemala,2016-09,-2.314751292333292,-2.381339671717026,27.89,0.0987907509641736,1195241.482684
guatemala,2016-10,-2.5353195438344662,-2.43418174830589,24.72,0.0792363957172385,1090152.86203
guatemala,2016-11,-2.645192590335684,-2.195828443634783,20.41,0.0709916801114714,759512.812219
guatemala,2016-12,-2.88962265586062,-2.23244649939704,20.47,0.0555971879268082,759630.661696
guatemala,2017-01,-2.9337976769960914,-2.0323331776668097,18.12,0.053194638010199,691483.717557
guatemala,2017-02,-2.6809233527794687,-2.0366855415526155,20.03,0.0684998753941258,775377.417625
guatemala,2017-03,-2.4027644010308244,-1.710489910427676,20.46,0.090467518795994,765829.972345
guatemala,2017-04,-2.4177413535298724,-2.373228297290491,23.54,0.0891226869437401,1347961.620172
guatemala,2017-05,-2.3593899023047062,-2.548094473946913,25.02,0.0944778463329475,1812617.928389
guatemala,2017-06,-2.3707873998544,-2.5166747821905107,26.51,0.0934071485391499,1599289.268897
guatemala,2017-07,-2.083674904566614,-2.165009974990753,27.93,0.1244719481453317,1205661.970357
guatemala,2017-08,-2.131797951004466,-2.437739020688883,28.39,0.1186238221838663,1668421.018307
guatemala,2017-09,-2.3314567712088485,-2.65025801579418,27.2,0.0971541126359742,1727809.135977
guatemala,2017-10,-2.4068182601774994,-2.629709995357442,24.18,0.0901015185753472,1524452.468793
guatemala,2017-11,-2.5158807262587626,-2.4872353124992115,21.07,0.0807917254691792,1196935.643803
guatemala,2017-12,-2.965947361149369,-2.4380972789339577,17.99,0.0515116459899872,841723.95189
guatemala,2018-01,-2.9511570840039627,-2.5010655502499537,14.45,0.0522791795357322,1111307.585366
guatemala,2018-02,-2.8178502564236885,-2.191996384962704,22.11,0.0597342180315123,883281.799463
guatemala,2018-03,-2.5356569217982776,-2.2422423705429906,18.38,0.079209667612382,1280654.821092
guatemala,2018-04,-2.324912260816916,-1.892907163473396,22.81,0.0977920238672377,1035361.799469
guatemala,2018-05,-2.2878635533655185,-2.5052847190280603,24.97,0.101483043520703,1867508.812729
guatemala,2018-06,-2.266886420090503,-2.53061349818831,27.67,0.1036343521053097,1772538.605528
guatemala,2018-07,-2.154551851292413,-2.562937465507272,27.94,0.1159551441185358,1794061.400778
guatemala,2018-08,-2.180186997995563,-2.4885413753965926,28.24,0.1130203940771138,1773687.204819
guatemala,2018-09,-2.2885516084353936,-2.5306634747454027,28.54,0.1014132416146337,1450837.01005
guatemala,2018-10,-2.422777052457496,-2.579137198576122,25.61,0.0886750200285772,1598887.37467
guatemala,2018-11,-2.585925740985569,-2.497608961968458,20.98,0.0753263146572061,1207551.26367
guatemala,2018-12,-2.7240005964901943,-2.486133318552945,17.94,0.065611742567998,1111989.939904
guatemala,2019-01,-2.895815797063164,-2.410154572697761,15.87,0.055253930708858,1104401.458797
guatemala,2019-02,-2.7313910522392346,-2.466707371572321,21.17,0.0651286293004663,1268620.023557
guatemala,2019-03,-2.5743792482991275,-2.405339964171543,20.13,0.076201110088955,1501046.141907
guatemala,2019-04,-2.440887101150492,-2.4476151762989566,23.24,0.087083565255781,1776877.606936
guatemala,2019-05,-2.4228667417200582,-2.441176732526849,26.54,0.0886670671880706,1616570.665901
guatemala,2019-06,-2.496671107144566,-2.5172759044501345,28.45,0.0823587061080423,1587292.936803
guatemala,2019-07,-2.209772226207355,-2.4842119299395624,28.62,0.1097256382941796,1796414.592326
guatemala,2019-08,-2.259267297345147,-2.49308738521053,28.42,0.1044269706492671,1579172.212817
guatemala,2019-09,-2.29532488213736,-2.5361046773430256,27.81,0.1007286630085216,1647170.037879
guatemala,2019-10,-2.4540747022009533,-2.535861086189236,27.27,0.0859426812352716,1480233.207071
guatemala,2019-11,-2.655591803675772,-2.46249578467363,20.53,0.0702572478621128,1079569.507042
guatemala,2019-12,-2.7696242974017946,-2.358096847233872,19.72,0.0626855514431449,1035596.786469
guatemala,2020-01,-2.908114737290413,-2.315678585865723,18.64,0.0545785278013967,1012335.309017
guatemala,2020-02,-2.74110235633157,-2.3907975887110124,19.73,0.0644992065806301,1196214.606987
guatemala,2020-03,-2.470332037610012,-2.403764397104607,23.33,0.0845567783093195,1732536.415929
guatemala,2020-04,-2.2656115315641925,-2.438853562355217,24.24,0.1037665586081104,1765306.334479
guatemala,2020-05,-2.347394094539651,-2.4087623949714003,25.55,0.0956180093313235,1577162.035595
guatemala,2020-06,-2.365414896638658,-2.5161495929464603,28.06,0.0939103292046135,1827312.339109
guatemala,2020-07,-2.1584093145192305,-2.4314883004252907,28.73,0.115508713013499,1541021.569966
guatemala,2020-08,-2.348460533188053,-2.407589670405015,28.97,0.0955160929441354,1344480.544444
guatemala,2020-09,-2.3993513832240474,-2.4724469564548985,27.94,0.0907768135626128,1420650.912322
guatemala,2020-10,-2.646707225646374,-2.4249907416497014,26.32,0.0708842349966328,1192941.559322
guatemala,2020-11,-2.778367612734552,-2.4104324554836283,22.37,0.0621398609484015,986464.209354
guatemala,2020-12,-2.855592162759093,-2.294156013733111,15.23,0.0575217487962297,916420.992063
guatemala,2021-01,-3.02677637028721,-2.2311292578050783,15.74,0.0484716411656443,793019.795158
guatemala,2021-02,-2.768302823343199,-2.2528665327936124,19.52,0.0627684435310348,1131650.38059
guatemala,2021-03,-2.731216078523202,-2.2440918363456075,20.77,0.0651400260957958,1348424.084906
guatemala,2021-04,-2.5007653873983706,-2.211042998047376,22.11,0.0820221958376533,1391232.180657
guatemala,2021-05,-2.48590591816981,-2.2586251499876213,25.81,0.0832501025600483,1404365.942584
guatemala,2021-06,-2.4686652582600086,-2.339776464274687,27.7,0.0846978333224438,1528483.800623
guatemala,2021-07,-2.175294931575041,-2.3022401193055666,28.47,0.1135746519796602,1639695.56
guatemala,2021-08,-2.141325212764045,-2.3638217714932006,29.34,0.1174990285884961,1860462.741764
guatemala,2021-09,-2.2913784684781064,-2.4237603067609115,28.13,0.1011269653961523,1727835.677201
guatemala,2021-10,-2.607520688379513,-2.365983541188868,26.01,0.0737170850067228,1415501.107561
guatemala,2021-11,-2.6748726057219003,-2.2724990015045345,19.89,0.0689156072895006,1185593.598448
guatemala,2021-12,-2.832476683333801,-2.156966848022272,21.07,0.0588668783602096,948922.126188
guatemala,2022-01,-3.055315587672637,-2.077820943304185,16.11,0.0471078517669121,867982.715655
guatemala,2022-02,-2.864731215060851,-2.105281607918385,19.45,0.0569984493980352,1048021.781609
guatemala,2022-03,-2.7004317890099503,-2.141113478794277,22.51,0.0671765004019957,1428616.280851
guatemala,2022-04,-2.540838799593712,-2.1054722876134804,23.68,0.0788002744234156,1518258.366174
guatemala,2022-05,-2.355679761628127,-2.1728498812852743,26.54,0.0948290234891554,1758281.712028
guatemala,2022-06,-2.370063861258166,-2.233290008493892,28.58,0.0934747566718793,1779080.0
guatemala,2022-07,-2.247580823195213,-2.230831553051167,29.31,0.1056545125901009,1700719.590317
guatemala,2022-08,-2.3481059506254494,-2.287408338757611,29.25,0.0955499672904128,1775792.423645
guatemala,2022-09,-2.413816293404289,-2.239956763388749,28.03,0.0894731862640154,1426170.57277
guatemala,2022-10,-2.654437218512536,-2.265894630090634,24.26,0.0703384126849378,1327689.614272
guatemala,2022-11,-2.693391989830144,-2.230240331385661,22.64,0.0676510779798946,1166131.497674
guatemala,2022-12,-2.933601394757128,-2.1579784311028267,17.88,0.053205080197623,935102.413495
guatemala,2023-01,-3.11378900093522,-2.012053947669995,17.98,0.0444322820322363,800355.033657
guatemala,2023-02,-2.748566372695785,-2.0819225906202847,21.11,0.0640195756604978,1125879.350441
guatemala,2023-03,-2.587498798819358,-2.0445447622681696,22.16,0.0752079151568899,1476179.335394
guatemala,2023-04,-2.5438366564233,-2.021132208878142,24.65,0.0785643962237538,1235849.70566
guatemala,2023-05,-2.2992628691869736,-2.144007835258977,25.67,0.1003327748508988,1701948.02901
guatemala,2023-06,-2.4671542653588783,-2.2405444742884844,27.81,0.0848259078828437,1745339.736842
guatemala,2023-07,-2.277235173394234,-2.245661630376564,29.38,0.1025673961160107,1650049.848914
guatemala,2023-08,-2.392943781078532,-2.298818395143458,29.93,0.0913603427829889,1561525.288845
guatemala,2023-09,-2.4777464094532373,-2.248786081589956,27.92,0.083932161345698,1347906.42654
guatemala,2023-10,-2.7118757344840567,-2.2506495148913856,24.47,0.0664121183099314,1244150.132953
guatemala,2023-11,-2.730256264015809,-2.1982364081338925,21.09,0.065202578452382,1192112.414414
guatemala,2023-12,-3.001270750965516,-2.161773832480124,18.38,0.0497238415839218,878234.622068
guatemala,2024-01,-3.1750943897055515,-2.051086089552597,16.78,0.0417901593379162,825210.07776
guatemala,2024-02,-3.0382449502649744,-2.0913948074511293,17.55,0.0479189158179505,935113.611336
guatemala,2024-03,-2.8596437208369028,-2.0632183378428093,22.07,0.0572891675665785,1134021.370079
guatemala,2024-04,-2.570007087809168,-2.113420833647524,22.54,0.0765350029564934,1574419.19702
guatemala,2024-05,-2.490909361025352,-2.1709107468711992,27.47,0.0828346057532463,1512354.715162
guatemala,2024-06,-2.4299027097465347,-2.317144505364895,28.49,0.0880453981247939,1676667.281947
guatemala,2024-07,-2.316350077794444,-2.288442788023491,29.72,0.0986329319408328,1713641.755424
guatemala,2024-08,-2.4956178545857712,-2.258852330761459,29.06,0.0824454963239748,1499093.5311
guatemala,2024-09,-2.3591003941465285,-2.219859897181028,28.43,0.0945052023999392,1696486.74954
guatemala,2024-10,-2.7071298504478443,-2.2479918740177744,24.9,0.0667280516204659,1431702.869318
guatemala,2024-11,-2.9771937335562946,-2.196229333198785,21.89,0.0509355722774893,1064853.354317
guatemala,2024-12,-3.0569114807874715,-2.101281146126367,17.76,0.0470327326276245,981722.134096
guatemala,2025-01,-3.3998715522927028,-1.8999319834749,13.64,0.0333775569556589,708456.477273
guatemala,2025-02,-3.031026704800924,-1.971130779607125,20.37,0.0482660576850377,941581.974156
peru,2010-01,-2.7315455609166754,-1.1598013538135334,12.41,0.0651185671394551,182797.496013
peru,2010-02,-2.980245615413095,-1.3518335840577862,12.58,0.0507803598939889,149081.804482
peru,2010-03,-3.45687521211771,-1.2990259830284627,16.05,0.0315281269626201,117088.379765
peru,2010-04,-3.7966504373282666,-0.9956641792750665,21.74,0.0224458297939697,54976.094723
peru,2010-05,-3.762619575354318,-0.8533739106332547,26.1,0.0232228266812932,43091.338028
peru,2010-06,-3.564158591452613,-1.121806683177074,28.58,0.0283208048291334,81905.059871
peru,2010-07,-2.9252361612330304,-0.9999121855550136,28.9,0.053652019889297,97352.215276
peru,2010-08,-2.639133120212303,-1.093691353066737,28.82,0.0714231580196421,144962.447761
peru,2010-09,-2.598993121418292,-0.8782912259590556,27.65,0.0743484003515071,110024.122744
peru,2010-10,-2.3835029221495145,-1.1297155831930188,23.48,0.0922269471992488,203184.134943
peru,2010-11,-2.423629640324163,-1.1677542258815523,19.83,0.0885994490024721,224171.39505
peru,2010-12,-2.349652473056366,-0.6673880363171354,11.12,0.0954023113287826,161626.274854
peru,2011-01,-2.5316396822798226,-1.1938295359371716,15.22,0.0795285118273505,273172.355658
peru,2011-02,-2.913220628988055,-1.3337315452722849,18.95,0.0543005659747922,198308.698292
peru,2011-03,-3.3995990386068216,-1.421290029504635,20.53,0.0333866540362138,159010.13256
peru,2011-04,-3.7489555636660783,-0.8219784855910457,24.26,0.0235423214758741,56701.851683
peru,2011-05,-3.849070096844834,-1.1508702680427314,25.72,0.0212995337357903,71051.776233
peru,2011-06,-3.3961528697406607,-1.116382562907024,28.14,0.0335019085631155,108948.341985
peru,2011-07,-2.573083968635557,-0.9882357821341008,28.52,0.0762998757879867,167432.501343
peru,2011-08,-2.558708747103614,-1.2570578403637274,28.75,0.077404624887462,237873.764499
peru,2011-09,-2.2285803361232213,-0.9839570155493984,27.41,0.1076811927739279,259763.830926
peru,2011-10,-2.287701057462415,-1.1121313173954432,22.31,0.1014995354394079,319623.53907
peru,2011-11,-2.234858217980756,-1.0934300707493056,20.34,0.1070073004887645,327552.217249
peru,2011-12,-2.0645719494902663,-1.090143801029269,18.79,0.1268725868218568,431969.143367
peru,2012-01,-2.4466634483766563,-1.1729270228887403,15.65,0.0865819903751426,370122.746365
peru,2012-02,-2.949101746571656,-1.5119756796344272,19.45,0.05238674139045,252617.714286
peru,2012-03,-3.380988818217708,-1.4114075573877716,22.06,0.0340138046307508,161096.062346
peru,2012-04,-3.795015834026275,-1.354102417957879,22.69,0.0224825498246324,92612.412858
peru,2012-05,-3.7212267009385727,-1.1929144561559388,25.8,0.0242042582407151,89678.318497
peru,2012-06,-3.238631454607781,-1.04741756855505,26.52,0.0392175293592549,113851.724629
peru,2012-07,-2.6776715065532706,-1.3795433336091163,28.33,0.0687229890244199,227375.252284
peru,2012-08,-2.5955322603116566,-1.2582449807054303,28.02,0.0746061556089237,230881.101337
peru,2012-09,-2.7137733978516647,-1.0760500066051963,27.15,0.0662862099694565,153515.227339
peru,2012-10,-2.8009425420603087,-1.1342770056049898,24.08,0.0607527735864092,171076.089524
peru,2012-11,-2.4322674712269645,-1.061408145638438,18.15,0.0878374377440394,218002.985549
peru,2012-12,-2.240330857099526,-0.974987652124218,18.34,0.1064232876534471,269610.946448
peru,2013-01,-2.591955936975756,-1.172371533352521,19.0,0.0748734490231751,267128.465762
peru,2013-02,-3.029906210692934,-1.3472091423558568,18.39,0.0483201698287973,211677.630769
peru,2013-03,-3.4265692281939475,-1.434743235130798,16.43,0.0324982437946579,163715.701092
peru,2013-04,-3.6426826681486606,-1.4328205262020457,23.46,0.0261820120195193,120791.244761
peru,2013-05,-3.545582535177307,-1.0056403826166318,24.22,0.0288518104188453,92106.019683
peru,2013-06,-3.3379113096077644,-1.217377387125936,27.6,0.035511051907692,129365.334459
peru,2013-07,-2.807793998208255,-1.2227010365706563,27.68,0.0603379513133523,195534.789402
peru,2013-08,-2.4993682956660783,-1.1225781740344214,28.57,0.082136868454753,212924.446835
peru,2013-09,-2.638706227355342,-0.9030812610061534,27.35,0.0714536545645378,136516.11399
peru,2013-10,-2.7070322064675287,-0.975469856341444,24.89,0.0667345675311393,160228.912467
peru,2013-11,-2.512478124671437,-1.0198966295393146,21.55,0.0810670957444919,182520.829174
peru,2013-12,-2.241104816802981,-0.968285294727678,20.01,0.1063409521835721,267096.4867
peru,2014-01,-2.321962317178195,-1.1521702406076473,14.8,0.0980809307459574,377133.693038
peru,2014-02,-2.790962098162412,-1.482482593473322,18.79,0.0613621490955925,315000.198151
peru,2014-03,-3.1658752973704654,-1.6498115288460151,19.44,0.04217720805315,283610.884956
peru,2014-04,-3.5543639992164096,-1.094432128094645,23.09,0.0285995584748898,106606.09501
peru,2014-05,-3.385471159142724,-0.9663970209237966,25.6,0.0338616843444235,115440.99343
peru,2014-06,-2.625940298161842,-1.2782248438215074,27.54,0.0723716740780235,294831.895871
peru,2014-07,-2.390812584781358,-1.0919875399301318,28.38,0.0915552572339396,288263.302534
peru,2014-08,-2.434195130948476,-1.1051920426907385,28.78,0.0876682801447854,250165.397161
peru,2014-09,-2.512597497942685,-0.9509650166207017,27.05,0.0810574190776615,198400.240683
peru,2014-10,-2.558458028256435,-0.8812310632757904,23.94,0.0774240341188085,192821.503741
peru,2014-11,-2.5161692631964097,-1.0358877265965134,18.49,0.0807684174349012,212396.745562
peru,2014-12,-2.3976836487209976,-0.9068097212397722,18.37,0.0909283314973934,264070.661218
peru,2015-01,-2.4012331741621766,-1.0440266455503464,16.65,0.0906061512032607,350001.863636
peru,2015-02,-2.7167335778398902,-1.3850343091053945,15.62,0.0660902809927991,321419.404714
peru,2015-03,-3.141439468112721,-1.4203038052985708,22.74,0.0432205385155079,262563.116722
peru,2015-04,-3.617075651978158,-1.188807572239908,25.33,0.0268611129915714,113133.765594
peru,2015-05,-3.4572196283804755,-1.1640461177170442,26.32,0.0315172700327186,123690.919283
peru,2015-06,-2.9884327707630347,-1.2321479507719328,28.34,0.050366310455142,202144.597189
peru,2015-07,-2.6197951813745832,-1.308347305328409,28.63,0.072817775736895,277760.45135
peru,2015-08,-2.5107077615288587,-1.231750529647656,28.23,0.0812107410575401,263097.649075
peru,2015-09,-2.5124245475928006,-0.8923376275503954,27.66,0.0810714391990092,191966.822065
peru,2015-10,-2.4017016171929018,-1.155393595612879,24.52,0.0905637173228924,296932.657987
peru,2015-11,-2.3999394269780114,-1.131612107071703,23.75,0.0907234485164214,310246.635659
peru,2015-12,-1.90315335389128,-0.9785793464655532,21.99,0.1490977192824802,480944.675359
peru,2016-01,-2.2575928960975857,-1.137027441299494,15.01,0.1046019697676865,449803.974439
peru,2016-02,-2.590162799444628,-1.5590679565185648,16.31,0.0750078278585639,506560.689491
peru,2016-03,-3.100436035445661,-1.640990480579963,21.76,0.0450295636264259,334353.519092
peru,2016-04,-3.4552863907661515,-1.4319338850244787,22.68,0.031578259339062,160814.371859
peru,2016-05,-3.5397683052931423,-1.2796864852418688,25.24,0.0290200500953235,143394.466019
peru,2016-06,-2.9922875532370474,-1.381479986095003,28.19,0.0501725330092205,223696.910828
peru,2016-07,-2.74997865243073,-1.195415856416967,29.55,0.0639292259257196,214288.582287
peru,2016-08,-2.4484843055596337,-1.261630179520657,28.67,0.0864244803811724,337281.493644
peru,2016-09,-2.3231286002857146,-1.1885327574922044,27.89,0.0979666072929734,359432.179193
peru,2016-10,-2.38012975765137,-1.1206750121215336,24.72,0.0925385691438781,342400.398651
peru,2016-11,-2.20647023880188,-1.2254898627631032,20.41,0.1100885498047644,446487.098093
peru,2016-12,-2.0150217007263014,-1.0079586603292965,20.47,0.133317510247757,535480.564384
peru,2017-01,-1.964715784203908,-1.2268957027286538,18.12,0.1401957267940427,814247.07367
peru,2017-02,-2.602116124956394,-1.4921514837541443,20.03,0.0741165722226117,486810.289017
peru,2017-03,-3.2807326242246884,-1.7080993893605922,20.46,0.0376006995305032,317596.594923
peru,2017-04,-3.7532508404060696,-1.1957614510403538,23.54,0.0234414175503104,109235.464463
peru,2017-05,-3.295338666116277,-1.063920884541713,25.02,0.0370554934818603,161098.197624
peru,2017-06,-2.538900748274369,-1.4163185040272843,26.51,0.0789531414834823,449675.329761
peru,2017-07,-2.5848410319065143,-1.1022921661180674,27.93,0.0754080661248704,252270.472749
peru,2017-08,-2.4420240418023584,-1.3065612889575626,28.39,0.0869846126725986,395002.05024
peru,2017-09,-2.510351558226759,-0.966082620687278,27.2,0.0812396737443242,268002.388334
peru,2017-10,-2.260086779321115,-1.1254754545593146,24.18,0.1043414296834421,392246.542373
peru,2017-11,-2.1912342413543966,-1.2930790398931655,21.07,0.1117787015471617,501510.342566
peru,2017-12,-2.0729133814493146,-1.1569002165912785,17.99,0.1258186893890739,570693.608903
peru,2018-01,-1.845247980608122,-1.1329320786276538,14.45,0.157986138532908,854963.604471
peru,2018-02,-2.3327159767614223,-1.4364320220082936,22.11,0.0970318526292818,673956.312027
peru,2018-03,-3.044867668490804,-1.4680720574370698,18.38,0.0476026108960906,354753.519965
peru,2018-04,-3.668533974870901,-1.273568527188488,22.81,0.0255138464825998,145392.466047
peru,2018-05,-3.4498730303823413,-0.9724457984781704,24.97,0.0317496673652822,126214.3945
peru,2018-06,-2.9637705183015672,-1.4190687515832037,27.67,0.051623900884443,290549.400579
peru,2018-07,-2.334211731453626,-1.2504565630830138,27.94,0.0968868252701338,403546.302374
peru,2018-08,-2.1254823956158835,-1.368313381578189,28.24,0.1193753682205576,610977.540275
peru,2018-09,-2.1567307806557525,-1.1654041722003228,28.54,0.115702761112411,422575.817832
peru,2018-10,-2.0086534862164016,-1.0858367833867884,25.61,0.1341692137880208,543170.556872
peru,2018-11,-2.0886696756863707,-1.2199627886592226,20.98,0.1238517893185106,553534.410569
peru,2018-12,-2.0243844549323526,-1.1570462313285397,17.94,0.1320751163580476,592353.660941
peru,2019-01,-1.8181214530676464,-1.1885088634699634,15.87,0.1623304099798244,956241.440761
peru,2019-02,-2.197775676607446,-1.3492442160830809,21.17,0.1110498947284538,707971.040864
peru,2019-03,-3.169284335325561,-1.6571233335695152,20.13,0.0420336691538467,391638.96172
peru,2019-04,-3.63601124322696,-1.4867724274328982,23.24,0.0263572672982034,205748.766033
peru,2019-05,-3.136398568042416,-1.2165708981268497,26.54,0.0434389589865157,232886.792708
peru,2019-06,-2.6460224070049185,-1.490309380692334,28.45,0.0709327944674615,489673.928096
peru,2019-07,-2.0942387689284354,-1.3818040538438483,28.62,0.1231639642143977,669732.624452
peru,2019-08,-2.16743759026754,-1.3698171485542168,28.42,0.1144705619099079,563171.400472
peru,2019-09,-2.094545834061389,-1.2240915644397716,27.81,0.1231261506612601,542392.302721
peru,2019-10,-1.8962500080698423,-1.4115184235307934,27.27,0.1501305533033452,840004.88105
peru,2019-11,-1.9088691921871337,-1.3479065174707967,20.53,0.1482479317663973,747048.102386
peru,2019-12,-1.816732060247173,-1.3247760684259164,19.72,0.1625561074409034,955431.011659
peru,2020-01,-1.6670789503160754,-1.166819977541326,18.64,0.1887977485648643,1109935.963391
peru,2020-02,-2.170280329241033,-1.4037703950904166,19.73,0.1141456140720202,789231.253561
peru,2020-03,-2.8927833526335536,-1.5272574429123738,23.33,0.0554217394900585,472849.249194
peru,2020-04,-3.354483951192667,-1.5917815113558795,24.24,0.0349273897426824,254779.960707
peru,2020-05,-3.224131933452914,-0.9580745690749216,25.55,0.0397903072233725,153813.693952
peru,2020-06,-2.6236978326937823,-1.3937390710098194,28.06,0.0725341471600621,459649.222088
peru,2020-07,-2.091773156796205,-1.3767527033296905,28.73,0.1234680134585385,573651.267829
peru,2020-08,-1.988851926775999,-1.4706168733828688,28.97,0.1368524519250218,754437.106179
peru,2020-09,-1.9488790243051624,-1.3716065386292215,27.94,0.1424336467860177,741561.225857
peru,2020-10,-1.8212393902298707,-1.2154018301268674,26.32,0.161825062192708,812619.834794
peru,2020-11,-1.8177928352878563,-1.3335774474524302,22.37,0.1623837634047062,878515.392789
peru,2020-12,-1.658421345132446,-1.227572469589195,15.23,0.1904393809802372,1043788.771331
peru,2021-01,-1.8200332879572707,-1.1744042318286902,15.74,0.1620203575173753,921322.530744
peru,2021-02,-2.0289158806008056,-1.2977788416309437,19.52,0.1314779817429675,912231.27792
peru,2021-03,-2.85346663897606,-1.4840377950341763,20.77,0.0576441426708036,557940.776356
peru,2021-04,-3.430854048970215,-1.632638610855072,22.11,0.0323592925476412,307859.979529
peru,2021-05,-3.5118122443400024,-1.2851337737629058,25.81,0.0298427829874759,190194.934924
peru,2021-06,-2.817378615934636,-1.485202217940666,27.7,0.0597623977521441,458537.262693
peru,2021-07,-2.3182347371795275,-1.4282613072471926,28.47,0.0984472175191566,592948.831873
peru,2021-08,-2.146797239848388,-1.4579453516450362,29.34,0.1168578266588015,748234.529437
peru,2021-09,-1.984755576562101,-1.3206813390829475,28.13,0.1374141972630442,779093.404494
peru,2021-10,-1.6592228610449262,-1.264165825659422,26.01,0.1902868019414508,1214500.973451
peru,2021-11,-1.7919331378564838,-1.267122372066222,19.89,0.1666377244085157,1049584.960938
peru,2021-12,-1.8554780798445536,-1.1564176012166811,21.07,0.1563781635530605,927065.27972
peru,2022-01,-1.8092048602204729,-1.144798898235077,16.11,0.1637843164656154,1187019.299403
peru,2022-02,-1.896167745163872,-1.1772792829636771,19.45,0.1501429039869294,1091359.087958
peru,2022-03,-2.3600246883405376,-1.2751489150981232,22.51,0.0944178921464534,844430.644238
peru,2022-04,-3.114326055776801,-1.2765344934900698,23.68,0.0444084258666564,373530.799283
peru,2022-05,-2.8419687749486755,-1.2328484820342194,26.54,0.0583107521338436,422455.519726
peru,2022-06,-2.6109174749032893,-1.3021273657199155,28.58,0.0734671086043928,551086.742647
peru,2022-07,-2.249504067582329,-1.242745990922169,29.31,0.1054515084176799,631692.054747
peru,2022-08,-1.8637507787667305,-1.2210701518032705,29.25,0.1550898304315176,992056.134283
peru,2022-09,-1.756018148100319,-1.1090058536105587,28.03,0.1727312867010708,888826.241285
peru,2022-10,-1.7745938066435676,-1.1414553093102515,24.26,0.1695523065343703,1039086.11459
peru,2022-11,-1.722051619751473,-1.001059059961373,22.64,0.1786991488655928,901044.851701
peru,2022-12,-1.7300974479036608,-1.0787895751804912,17.88,0.1772671348175018,1059285.964706
peru,2023-01,-1.6153570127834398,-1.0147077244552722,17.98,0.1988196766025733,1320890.513103
peru,2023-02,-2.017423874878696,-1.059008091707267,21.11,0.1329976427131549,841027.83737
peru,2023-03,-2.571353650425213,-1.041910566420179,22.16,0.076432013139374,550245.589569
peru,2023-04,-3.41188248508307,-1.2026140994632148,24.65,0.0329790593172116,228820.05992
peru,2023-05,-3.235320961472112,-1.3023841657057706,25.67,0.0393475738579397,287699.981611
peru,2023-06,-3.112610137015659,-1.4208305978747258,27.81,0.0444846925327422,403261.300207
peru,2023-07,-2.6891746383915245,-1.395311574918523,29.38,0.0679369888204158,467077.219532
peru,2023-08,-2.2683215662754748,-1.4418370383364891,29.93,0.1034857283341821,750886.55814
peru,2023-09,-2.1332862674961643,-1.4333347711210485,27.92,0.1184474037088298,841435.748428
peru,2023-10,-1.7797444877627706,-1.1783991730847925,24.47,0.1686812418842526,1081065.487329
peru,2023-11,-1.4905069259916002,-1.156252341339192,21.09,0.2252584372351093,1452645.834128
peru,2023-12,-1.3904231596464318,-1.1216003641065615,18.38,0.2489699283109011,1553520.604665
peru,2024-01,-1.5934022648051922,-1.1171844867445295,16.78,0.2032329817260054,1577292.937042
peru,2024-02,-2.2056280640859427,-1.3056971434200255,17.55,0.1101813026494924,979857.597786
peru,2024-03,-2.8207071188218755,-1.3756576463758785,22.07,0.0595638091234355,592556.367234
peru,2024-04,-3.441107245218865,-1.4267243472106494,22.54,0.032029201506608,331498.188255
peru,2024-05,-3.4024567039088542,-1.3817121277975537,27.47,0.0332913823455602,276192.966945
peru,2024-06,-2.862926310904843,-1.507643935944071,28.49,0.0571014190334477,484268.730804
peru,2024-07,-2.310137529207832,-1.411874019229873,29.72,0.0992476011770349,717464.6984
peru,2024-08,-2.1877347977092,-1.1625738725376609,29.06,0.1121705500399334,681599.168532
peru,2024-09,-1.9878813735997507,-0.529183577420228,28.43,0.136985338983462,453324.975386
peru,2024-10,-1.6583903099162542,-0.4590117862400142,24.9,0.1904452913993124,682857.767052
peru,2024-11,-1.4392380638571216,-0.6104042201499095,21.89,0.2371083512959958,1014940.185969
peru,2024-12,-1.4455729002035258,-0.8872773737552426,17.76,0.2356110562608944,1460575.971345
peru,2025-01,-1.499215581865451,-0.9651606049921658,13.64,0.2233052561576794,1861564.961932
peru,2025-02,-1.7558516781703,-1.0611870037403857,20.37,0.1727600436597981,1356858.722543
mexico,2010-01,-1.546754679767616,48.97796805838755,14.884920634920634,0.2129379053893793,0.0
mexico,2010-02,-1.4474433947537797,37.20603474561987,15.093954248366014,0.2351707589793858,0.0
mexico,2010-03,-1.3822774698207498,53.035076738825495,19.07951388888889,0.2510062424550551,0.0
mexico,2010-04,-1.3005200035955369,92.91024614516924,20.802530253025303,0.2723901123621587,0.0
mexico,2010-05,-0.8835493270877242,138.92196195643766,24.15443121693121,0.4133133210293707,0.0
mexico,2010-06,-0.6986620517329292,325.01016806526263,23.09360269360269,0.4972501539064203,0.0
mexico,2010-07,-1.3232693563310047,102.61610046347164,20.66869918699187,0.2662633675838823,0.0
mexico,2010-08,-1.723329195899765,141.93197007481297,20.85897435897436,0.1784709928696443,0.0
mexico,2010-09,-1.771229461499275,121.59485080326397,20.366526904262752,0.1701236996564429,0.0
mexico,2010-10,-1.6912161121682543,122.53438108804492,18.897925033467203,0.1842952639449063,0.0
mexico,2010-11,-1.3849291350591133,68.7033028497365,16.91872427983539,0.2503415396015287,0.0
mexico,2010-12,-1.4873141278163222,66.60255443656429,14.706862745098038,0.2259787913231502,0.0
mexico,2011-01,-1.4541304428543893,29.014041891046745,15.786398467432951,0.2336034071214173,0.0
mexico,2011-02,-1.4503895214239793,25.785440277912787,18.216244725738395,0.2344789357341618,1e-06
mexico,2011-03,-1.3820626040318915,23.005761992467225,20.398710865561693,0.2510601809039047,2.9e-05
mexico,2011-04,-1.1562191685790542,24.82704159067793,22.64857881136951,0.3146736627050553,6e-06
mexico,2011-05,-0.9060842811393796,59.08598411669645,24.320224719101123,0.4041034856839742,0.0
mexico,2011-06,-0.9466928140806208,31.582677410020526,23.034406565656568,0.3880221652410499,0.0
mexico,2011-07,-1.4047117432280674,59.8638911977629,20.212365591397848,0.2454377953635532,0.0
mexico,2011-08,-1.541090664100276,98.50974840738073,20.85782556750299,0.2141474111178548,0.0
mexico,2011-09,-1.767418759224996,77.88854983540314,20.03611111111111,0.1707732272177032,0.0
mexico,2011-10,-1.610160229901059,141.8418860008763,18.77777777777778,0.1998555886683007,0.0
mexico,2011-11,-1.3892784011769328,59.402036002533954,17.591975308641977,0.2492551019413072,0.0
mexico,2011-12,-1.534171788504735,54.41095388103575,16.835761991499695,0.2156342079645156,0.0
mexico,2012-01,-1.4673954382241703,44.46859871963928,16.168791742562235,0.2305251208718416,0.0
mexico,2012-02,-1.3699526288669488,19.97827387227228,17.041585445094217,0.2541189971725061,0.000569
mexico,2012-03,-1.226739684949361,25.070801918001663,20.171270718232044,0.2932470987452396,4e-06
mexico,2012-04,-1.014214900698815,18.3505538704483,21.490012484394505,0.3626870634451045,0.004138
mexico,2012-05,-0.8104907752205243,52.70227879825493,23.779026217228463,0.4446397944729527,0.0
mexico,2012-06,-0.8019016753073668,127.187190144323,22.17013888888889,0.4484752982761647,0.0
mexico,2012-07,-1.3423986197297493,106.0891385786742,20.15549348230913,0.2612183530400009,0.0
mexico,2012-08,-1.5628884923299349,72.81926139024553,20.082867783985105,0.209529970550809,0.0
mexico,2012-09,-1.4755357668128404,69.5363693283148,20.097222222222225,0.2286561878249427,0.0
mexico,2012-10,-1.3789193587738424,50.62728776289461,20.034911961141468,0.2518505661636259,0.0
mexico,2012-11,-1.161364758567318,47.41672012191723,17.556491885143572,0.3130586397430868,0.0
mexico,2012-12,-1.2914042978705418,33.52153138866066,16.540432098765432,0.2748844922124474,0.0
mexico,2013-01,-1.238101278290408,33.31588010054035,16.234126984126984,0.2899342000022761,0.0
mexico,2013-02,-1.417050000018328,18.509214818691408,18.55125661375661,0.2424281260355475,0.002527
mexico,2013-03,-1.1898306150197833,12.367410265463972,18.785285285285287,0.3042727989439933,1.553593
mexico,2013-04,-1.0935952858328288,11.072457499341212,22.17469135802469,0.3350098696890073,5.728663
mexico,2013-05,-0.939147037583058,11.845292208707214,22.84617682198328,0.3909611683611455,3.274517
mexico,2013-06,-0.8415542066369379,21.23675956303854,22.262626262626263,0.431040077209271,0.000278
mexico,2013-07,-1.3729641364527092,41.894751551211016,20.05975975975976,0.2533548670541618,0.0
mexico,2013-08,-1.4361834678005163,66.506876089432,20.162186379928315,0.2378337288345224,0.0
mexico,2013-09,-1.4914984418030723,79.53041321801267,19.810420590081605,0.2250352006225275,0.0
mexico,2013-10,-1.306270798470271,54.132679333387,19.469492614001283,0.2708281482723234,0.0
mexico,2013-11,-1.0683030624921073,39.09280382186942,17.585271317829456,0.343591075580044,0.0
mexico,2013-12,-1.1603407539895982,24.760647311857387,15.971071663379355,0.3133793774136731,5e-06
mexico,2014-01,-1.1551101700201465,28.08162421850107,15.403870162297128,0.3150228289201501,0.0
mexico,2014-02,-1.1735175743732236,10.482170168020223,18.07313642756681,0.3092771203533755,10.107099
mexico,2014-03,-1.0898184613123811,8.403659647907245,19.912012012012013,0.3362775355483169,97.321159
mexico,2014-04,-1.0496157460426296,10.302309633739249,21.989388264669163,0.3500722399137413,14.655474
mexico,2014-05,-0.7986811467477193,8.753119992670536,21.666965352449225,0.4499219540302766,92.195905
mexico,2014-06,-1.0102702646256243,13.721971541368031,21.187705456936225,0.3641205573659835,0.453628
mexico,2014-07,-1.4166502558024872,20.92189296716616,20.047147147147147,0.2425250546487228,0.00021
mexico,2014-08,-1.5031282753203743,53.63804562428479,20.18010752688172,0.2224332382253783,0.0
mexico,2014-09,-1.334408176031319,59.40256983703967,19.97703289882061,0.2633139648672246,0.0
mexico,2014-10,-1.208220731050686,19.5217331606166,19.36141975308642,0.2987283248861939,0.001025
mexico,2014-11,-0.9760326944756696,13.518110378573184,17.026515151515152,0.3768030301640289,0.473463
mexico,2014-12,-1.0852952620731036,17.372808437179696,16.167301587301587,0.3378020310405416,0.011296
mexico,2015-01,-1.056046793815291,14.596740706082873,16.511505588428665,0.3478281323308912,0.216539
mexico,2015-02,-1.0941429788406574,8.327483126658006,17.386458333333334,0.3348264373627117,98.545118
mexico,2015-03,-1.136236030048763,8.075081438587363,18.25542784163473,0.3210250793625379,146.627733
mexico,2015-04,-0.9689391683084234,11.909260516019636,21.506349206349206,0.3794853947825832,3.275421
mexico,2015-05,-0.778005440535675,7.046233710259782,22.21385902031064,0.4593212417909703,490.002435
mexico,2015-06,-0.907366274985431,45.143538751508295,21.705900816070308,0.4035857594339999,0.0
mexico,2015-07,-1.2671912788201574,21.20595238279751,20.848456790123457,0.2816215082686168,0.000179
mexico,2015-08,-1.3512371944787724,14.602908989737164,21.15458937198068,0.2589197283480247,0.111376
mexico,2015-09,-1.311406378791301,16.999841644969944,20.915881983678595,0.2694408538935924,0.010823
mexico,2015-10,-1.1612047434341175,20.16281774525447,20.566912216083487,0.3131087378711472,0.000566
mexico,2015-11,-0.8672338307604168,12.840953027025414,20.03863346104725,0.4201120444591426,1.227799
mexico,2015-12,-1.0240123738304276,8.25743575433024,17.320656226696496,0.3591509972283717,112.901364
mexico,2016-01,-1.0160110051775533,8.159606033361971,15.943790849673205,0.3620362242486349,142.82293
mexico,2016-02,-1.112470895810876,5.119451665570359,18.015873015873016,0.3287456604232075,2791.738201
mexico,2016-03,-1.0885612866178282,4.99964234212721,19.00962135319677,0.3367005610090915,3265.793013
mexico,2016-04,-0.8685171796072899,5.371249815175529,21.979828042328045,0.4195732399623435,2371.780905
mexico,2016-05,-0.6613340820304614,12.157588521073832,24.022946859903385,0.5161622721489765,3.722613
mexico,2016-06,-0.8800984550744734,17.344328633779497,21.680943513345746,0.4147420762093842,0.013628
mexico,2016-07,-1.1774663626527977,15.51042214660489,20.25746714456392,0.3080582585827225,0.057373
mexico,2016-08,-1.2160699317313568,16.013474208033298,20.26941457586619,0.2963927246041626,0.036371
mexico,2016-09,-1.0581682371428736,22.52099267091285,20.330864197530865,0.3470910168112632,6.4e-05
mexico,2016-10,-1.0314680895675434,17.551934696975113,19.75452898550725,0.3564832269128203,0.010254
mexico,2016-11,-0.875300445344332,8.677402861430211,17.453086419753088,0.4167367942381094,84.554453
mexico,2016-12,-0.9609814330111774,7.455079166151837,17.133699633699635,0.3825172866000323,324.414842
mexico,2017-01,-1.0302931012760603,6.496353055854349,16.11298377028714,0.3569023367068848,917.07428
mexico,2017-02,-0.9235582362946636,3.665991556969589,17.79100529100529,0.3971035360126546,15004.361745
mexico,2017-03,-0.7830874288267097,4.184008555534849,19.82105586249233,0.4569928979375645,10657.509798
mexico,2017-04,-0.7380934551023651,3.116128982720664,21.51905684754522,0.4780244223074945,29870.14522
mexico,2017-05,-0.6436638639264038,3.7541532350738938,24.04241338112306,0.5253640311936417,18460.176214
mexico,2017-06,-0.7416628728388904,9.520290982016814,22.99413580246913,0.4763211950292108,48.273691
mexico,2017-07,-1.1649635615575853,9.237093533428906,20.22707953855495,0.3119340282156868,33.741276
mexico,2017-08,-1.0850558241194803,8.485621043936929,20.80193236714976,0.3378829233515419,85.733988
mexico,2017-09,-0.9683697440967646,10.084444199317511,20.086001255492786,0.3797015444889409,19.8913
mexico,2017-10,-1.0544922234695784,10.189792005416432,19.484684684684684,0.3483692761448991,15.958294
mexico,2017-11,-0.8958026743963552,8.3665957609179,17.583333333333332,0.4082797513781674,116.868215
mexico,2017-12,-0.8220438264947258,5.116265262772284,15.540123456790123,0.4395324078864668,3761.002174
mexico,2018-01,-0.9540010665139952,4.662864267803484,15.405067155067156,0.3851967383498237,6337.904485
mexico,2018-02,-0.9146880236956464,3.4931087956633533,18.21518987341772,0.4006415972806701,20120.920579
mexico,2018-03,-0.8612107946245748,3.037743021503178,21.305105105105103,0.4226500300008077,34792.414889
mexico,2018-04,-0.7760865612240903,3.2319200443124982,22.14190476190476,0.4602034699932328,28970.716553
mexico,2018-05,-0.6973508544183823,5.817728635678356,22.8003003003003,0.4979025746055426,2226.528239
mexico,2018-06,-0.7361910064344397,10.516109919728482,21.20984126984127,0.4789347048412966,17.668221
mexico,2018-07,-1.2048350226582631,11.940236492469218,20.554062126642773,0.2997414459813271,2.332221
mexico,2018-08,-1.1182045988122096,11.458812655399171,19.914874551971327,0.3268661239445368,4.494373
mexico,2018-09,-1.1848656984362396,18.969767409532466,19.964033397559408,0.3057872444462138,0.002011
mexico,2018-10,-1.1127821913563825,8.688511826351741,19.53793309438471,0.3286433392903958,75.689891
mexico,2018-11,-0.8388251893933073,4.819950159534452,17.005276225946616,0.4322179995668323,4600.275349
mexico,2018-12,-0.860406014692081,3.747595621207848,15.25258044930176,0.4229903071691729,14060.883236
mexico,2019-01,-0.865947450491053,3.6248147405305136,16.329710144927535,0.4206528160484371,20124.567992
mexico,2019-02,-0.8476539522698545,2.98769432633228,19.137059214903527,0.428418844933088,35710.538662
mexico,2019-03,-0.7768744320292723,3.0621151483783104,21.45345345345345,0.459841031910722,38228.531304
mexico,2019-04,-0.6730827026565703,2.637233480156022,22.09869646182496,0.5101335612954596,64429.541236
mexico,2019-05,-0.6456820147583751,4.792334028270264,24.25285285285285,0.5243048365038251,6904.783812
mexico,2019-06,-0.6336010070933406,17.506680309545047,22.7736974262398,0.530677383138506,0.020587
mexico,2019-07,-1.092600704595581,16.54579680362367,20.631147540983605,0.335343229969153,0.029854
mexico,2019-08,-1.0908860457305778,8.96930027339866,21.024624624624625,0.3359187224568881,53.461226
mexico,2019-09,-1.082763178681215,12.2094136087986,20.656172839506173,0.3386584577674535,2.185705
mexico,2019-10,-0.9695444623458596,12.749844483299418,20.063663663663664,0.3792557640398978,1.501729
mexico,2019-11,-0.8102098852455482,12.037125158740151,18.96461824953445,0.4447647068761953,3.447247
mexico,2019-12,-0.830388399953231,10.335460263636536,16.533033033033036,0.4358799576848678,22.113013
mexico,2020-01,-0.8182193601744792,7.656757113451454,16.555248618784532,0.4412166032985715,381.930371
mexico,2020-02,-0.8349563504634059,5.190256347972287,18.50287356321839,0.4338934202663781,4106.137529
mexico,2020-03,-0.7959247848170993,5.9109475866803285,22.051033591731265,0.4511638124955595,2264.356042
mexico,2020-04,-0.7164804565875532,4.021162964503564,23.54392764857881,0.4884684199412101,13009.023113
mexico,2020-05,-0.6600697284413958,16.003893930499085,23.47524154589372,0.5168152965101626,0.085907
mexico,2020-06,-0.6901351360812294,13.399527842703163,23.205900816070308,0.5015082926212682,1.19522
mexico,2020-07,-1.0915698059537695,23.14491182146221,21.28327228327228,0.3356891131040635,3.5e-05
mexico,2020-08,-1.1170341687084324,22.37168652644743,20.73429951690821,0.3272489218713152,8e-05
mexico,2020-09,-1.1560174613857488,12.486667329389942,20.67977528089888,0.3147371410481706,1.570045
mexico,2020-10,-0.9802484507522302,7.754710173078223,20.3715651135006,0.3752178641091701,239.589872
mexico,2020-11,-0.8439824993296201,13.00351164887605,19.24236517218973,0.429994655548124,1.380693
mexico,2020-12,-0.9178155568420956,10.594509802627636,17.387005649717516,0.3993905347947933,16.068824
mexico,2021-01,-0.7982516747814186,5.832021189024018,17.334254143646408,0.4501152243956871,2319.047648
mexico,2021-02,-0.88126057281538,3.1426512302177234,19.171193415637863,0.4142603770345112,33885.271701
mexico,2021-03,-0.7550745698200614,3.161981634940443,21.70040899795501,0.4699755674303222,43664.41378
mexico,2021-04,-0.6270305592497306,4.351166411673549,23.09205190592052,0.5341756512149314,12801.923645
mexico,2021-05,-0.5791826548894234,10.365571994091455,23.11450617283951,0.5603561838295981,31.114674
mexico,2021-06,-0.6963233131794565,17.696141009887363,20.90220922677063,0.4984144529769466,0.017876
mexico,2021-07,-1.0737661140149977,17.30044525828182,20.500306936771025,0.3417191377334492,0.015124
mexico,2021-08,-1.1140626520246113,15.973767930372798,20.54074074074074,0.3282227937240474,0.056497
mexico,2021-09,-1.0288515102403195,19.599918445280768,20.007024265644954,0.3574172149488778,0.001664
mexico,2021-10,-1.1082524244643266,16.71991210487974,19.9416354556804,0.3301353937862749,0.032609
mexico,2021-11,-0.8404795495223814,12.61902314885242,17.217084136159283,0.431503546485576,2.532149
mexico,2021-12,-0.7904422489633876,10.56231659740244,16.877578176979377,0.4536441272679846,21.890335
mexico,2022-01,-0.7774412092456837,6.552700055730876,17.409683426443205,0.4595804783355539,1512.105933
mexico,2022-02,-0.8894260259457847,3.557951273370412,18.496031746031747,0.4108915261570752,26223.069203
mexico,2022-03,-0.8214786618793715,3.4973769627384894,20.73033033033033,0.439780886259684,33272.156973
mexico,2022-04,-0.7192370312001944,2.817939270140905,23.260200878844948,0.4871237744549918,68279.36096
mexico,2022-05,-0.6708535303501663,6.407436674227284,24.780898876404493,0.5112720053253882,1780.772995
mexico,2022-06,-0.7380097486453322,11.185557718144212,21.67133163698049,0.4780644377130116,13.531825
mexico,2022-07,-1.0941375194816054,14.9738813466338,20.692852087756545,0.334828265305443,0.181759
mexico,2022-08,-1.250120838334948,22.12353582562426,20.13075880758808,0.2864701781892563,0.000133
mexico,2022-09,-1.1537364160675008,25.43756552286088,20.25192901234568,0.3154558901682474,5e-06
mexico,2022-10,-1.1351899617632435,16.017572799917208,19.789108187134502,0.3213610692204444,0.069556
mexico,2022-11,-0.9629332319406786,7.270474384469651,18.662100456621005,0.38177141789918,492.218317
mexico,2022-12,-0.9250745137453836,7.945732551679483,16.38736263736264,0.3965018731345983,285.312859
mexico,2023-01,-0.9720049275728212,5.582168270993665,16.438769414575866,0.3783237654655794,3429.842494
mexico,2023-02,-0.8823909190765091,3.79358803257343,18.883898868928807,0.4137923839131626,20431.180174
mexico,2023-03,-0.764150351795642,3.344341792694008,21.08364197530864,0.4657294691235367,41736.363441
mexico,2023-04,-0.6314530855328897,4.693333074765814,22.673387096774192,0.5318184615661679,10149.169751
mexico,2023-05,-0.7153988756104969,10.055605253113855,23.09338061465721,0.488997023904576,41.748745
mexico,2023-06,-0.6276814475334327,17.281097617179658,25.90186536901865,0.5338280756708124,0.036527
mexico,2023-07,-0.994002162273755,21.78550694196513,22.609617682198326,0.3700925526696825,0.000218
mexico,2023-08,-1.0760620982942604,20.11940817868761,21.941068139963168,0.340935455970062,0.00107
mexico,2023-09,-1.0531173949290291,26.431294111090224,22.19365976145637,0.3488485535550324,2e-06
mexico,2023-10,-1.079218585013144,12.098671741287912,20.25746714456392,0.3398609943852653,3.732233
mexico,2023-11,-1.0057581424685522,4.139812017034378,18.50432098765432,0.365767225991973,11821.778233
mexico,2023-12,-0.9685415729700596,4.1959190362125085,15.517210144927535,0.3796363064054167,11620.497661
mexico,2024-01,-0.9229250265962956,6.697402772498406,16.71891891891892,0.3973550654499493,1245.2746
mexico,2024-02,-0.835571783855156,2.4439742909300657,18.03863346104725,0.4336264699205897,90727.025012
mexico,2024-03,-0.765117455513853,2.3460624919001978,20.4221536351166,0.4652792781480382,111990.881429
mexico,2024-04,-0.7894383221672981,2.737081300184478,23.863295880149813,0.4540997814466875,73076.977619
mexico,2024-05,-0.7432350424950772,5.34309570799381,26.023277467411543,0.4755729256571138,4736.610242
mexico,2024-06,-0.7943453226589596,15.315054647242905,24.24969135802469,0.4518769717202625,0.189406
mexico,2024-07,-1.187811602597134,18.2721285945344,20.846774193548388,0.3048877500930406,0.006231
mexico,2024-08,-1.1165821460680343,13.95013216664604,20.88671632526381,0.3273968792305657,0.543735
mexico,2024-09,-1.1336205836952635,24.821185253167965,20.9820987654321,0.321865802189213,1e-05
mexico,2024-10,-1.0808849398569589,16.688325260071263,19.37747747747748,0.3392951369616136,0.043465
mexico,2024-11,-1.0620626970624236,4.350035488280897,18.875,0.3457419134774196,10373.590342
mexico,2024-12,-1.0508143044478329,5.073337794154442,17.03010552451893,0.3496529092345183,5588.939154
mexico,2025-01,-0.9597303716059497,7.572014701349439,17.316544566544568,0.3829961386883569,625.893468
mexico,2025-02,-1.0235345990941522,3.818868735857436,17.88888888888889,0.35932263149935,21435.757037
